job_id,job_title,company,location,salary_min,salary_max,job_type,experience_level,company_size,required_skills,posted_date,company_description,salary_avg,job_title_clean,location_clean,month,day_of_week,Python,SQL,Excel,Power BI,Tableau,Machine Learning,TensorFlow,PyTorch,AWS,Azure,Google Cloud,R,JavaScript,Docker,Kubernetes,Airflow,Spark,Hadoop,DAX,Visualization,Git,Jupyter,Pandas,NumPy,total_skills
1,Research Analyst,DataFirst,Hyderabad,608744,1729065,Remote,Mid,200-500,"Excel, Tableau, Azure, TensorFlow, Machine Learning",2026-05-31,We are a technology company focused on data analytics and AI solutions.,1168904.5,Research Analyst,Hyderabad,2026-05,Sunday,0,0,1,0,1,1,1,0,0,1,0,1,0,0,0,0,0,0,0,0,0,0,0,0,6
2,ML Engineer,DataFirst,Mumbai,376898,1824939,Hybrid,Mid,10-50,"Docker, Azure, SQL, Power BI, DAX",2026-04-08,We are a technology company focused on data analytics and AI solutions.,1100918.5,Ml Engineer,Mumbai,2026-04,Wednesday,0,1,0,1,0,0,0,0,0,1,0,1,0,1,0,0,0,0,1,0,0,0,0,0,6
3,Senior Data Analyst,DataFirst,Mumbai,755699,1674829,Onsite,Senior,200-500,"Spark, Python, TensorFlow, Kubernetes",2026-05-05,We are a technology company focused on data analytics and AI solutions.,1215264.0,Senior Data Analyst,Mumbai,2026-05,Tuesday,1,0,0,0,0,0,1,0,0,0,0,1,0,0,1,0,1,0,0,0,0,0,0,0,5
4,Analytics Manager,StartupXYZ,Bangalore,449369,1188076,Remote,Mid,200-500,"Docker, Power BI, JavaScript, Visualization, Tableau, PyTorch",2026-03-08,We are a technology company focused on data analytics and AI solutions.,818722.5,Analytics Manager,Bangalore,2026-03,Sunday,0,0,0,1,1,0,0,1,0,0,0,1,1,1,0,0,0,0,0,1,0,0,0,0,7
5,Data Engineer,DataFlow,Chennai,330448,1460008,Remote,Senior,10-50,"Excel, AWS, Python, Kubernetes, DAX, SQL",2026-03-12,We are a technology company focused on data analytics and AI solutions.,895228.0,Data Engineer,Chennai,2026-03,Thursday,1,1,1,0,0,0,0,0,1,0,0,1,0,0,1,0,0,0,1,0,0,0,0,0,7
6,Research Analyst,Digital Solutions,Hyderabad,588316,1490493,Remote,Lead,50-200,"Visualization, TensorFlow, Power BI, Docker, Azure, Airflow",2026-04-19,We are a technology company focused on data analytics and AI solutions.,1039404.5,Research Analyst,Hyderabad,2026-04,Sunday,0,0,0,1,0,0,1,0,0,1,0,1,0,1,0,1,0,0,0,1,0,0,0,0,7
7,Data Analyst Junior,CloudSystems,Bangalore,736090,1768181,Onsite,Entry,200-500,"Kubernetes, SQL, AWS, DAX, Hadoop, Tableau",2026-04-09,We are a technology company focused on data analytics and AI solutions.,1252135.5,Data Analyst Junior,Bangalore,2026-04,Thursday,0,1,0,0,1,0,0,0,1,0,0,1,0,0,1,0,0,1,1,0,0,0,0,0,7
8,Business Analyst,CloudSystems,Bangalore,307657,1420347,Remote,Entry,50-200,"Kubernetes, Azure, Visualization, Tableau, JavaScript",2026-05-04,We are a technology company focused on data analytics and AI solutions.,864002.0,Business Analyst,Bangalore,2026-05,Monday,0,0,0,0,1,0,0,0,0,1,0,1,1,0,1,0,0,0,0,1,0,0,0,0,6
9,Research Analyst,DataFlow,Hyderabad,777602,1812092,Onsite,Mid,10-50,"Tableau, Docker, Python",2026-03-08,We are a technology company focused on data analytics and AI solutions.,1294847.0,Research Analyst,Hyderabad,2026-03,Sunday,1,0,0,0,1,0,0,0,0,0,0,1,0,1,0,0,0,0,0,0,0,0,0,0,4
13,Data Engineer,DataFirst,Hyderabad,674999,1561985,Remote,Senior,10-50,"SQL, DAX, Spark, Tableau, Excel",2026-05-27,We are a technology company focused on data analytics and AI solutions.,1118492.0,Data Engineer,Hyderabad,2026-05,Wednesday,0,1,1,0,1,0,0,0,0,0,0,1,0,0,0,0,1,0,1,0,0,0,0,0,6
14,ML Engineer,DataFirst,Bangalore,717794,1000422,Hybrid,Mid,200-500,"Machine Learning, Hadoop, SQL, R, Kubernetes",2026-04-10,We are a technology company focused on data analytics and AI solutions.,859108.0,Ml Engineer,Bangalore,2026-04,Friday,0,1,0,0,0,1,0,0,0,0,0,1,0,0,1,0,0,1,0,0,0,0,0,0,5
15,Analytics Manager,DataFlow,Hyderabad,459903,1950096,Onsite,Mid,10-50,"Kubernetes, Python, Excel",2026-03-27,We are a technology company focused on data analytics and AI solutions.,1204999.5,Analytics Manager,Hyderabad,2026-03,Friday,1,0,1,0,0,0,0,0,0,0,0,1,0,0,1,0,0,0,0,0,0,0,0,0,4
16,Analytics Manager,ResearchLab,Pune,307906,1385560,Hybrid,Senior,50-200,"Excel, SQL, Machine Learning, AWS",2026-04-21,We are a technology company focused on data analytics and AI solutions.,846733.0,Analytics Manager,Pune,2026-04,Tuesday,0,1,1,0,0,1,0,0,1,0,0,1,0,0,0,0,0,0,0,0,0,0,0,0,5
17,Business Analyst,CloudSystems,Hyderabad,623557,1547512,Hybrid,Lead,200-500,"Airflow, Python, Spark, JavaScript",2026-05-22,We are a technology company focused on data analytics and AI solutions.,1085534.5,Business Analyst,Hyderabad,2026-05,Friday,1,0,0,0,0,0,0,0,0,0,0,1,1,0,0,1,1,0,0,0,0,0,0,0,5
18,Product Analyst,CloudSystems,Mumbai,354028,1316123,Remote,Senior,200-500,"Google Cloud, Hadoop, Kubernetes",2026-05-15,We are a technology company focused on data analytics and AI solutions.,835075.5,Product Analyst,Mumbai,2026-05,Friday,0,0,0,0,0,0,0,0,0,0,1,1,0,0,1,0,0,1,0,0,0,0,0,0,4
19,Data Engineer,ProductCo,Kolkata,569431,1126818,Onsite,Entry,10-50,"DAX, Tableau, Google Cloud, Python, Azure, Power BI",2026-03-18,We are a technology company focused on data analytics and AI solutions.,848124.5,Data Engineer,Kolkata,2026-03,Wednesday,1,0,0,1,1,0,0,0,0,1,1,1,0,0,0,0,0,0,1,0,0,0,0,0,7
20,Data Scientist,DataFlow,Mumbai,595804,1836548,Onsite,Mid,50-200,"Google Cloud, SQL, Kubernetes",2026-05-03,We are a technology company focused on data analytics and AI solutions.,1216176.0,Data Scientist,Mumbai,2026-05,Sunday,0,1,0,0,0,0,0,0,0,0,1,1,0,0,1,0,0,0,0,0,0,0,0,0,4
21,Analytics Manager,StartupXYZ,Gurgaon,768974,944832,Remote,Entry,10-50,"Azure, Power BI, Tableau, Kubernetes, Hadoop",2026-04-05,We are a technology company focused on data analytics and AI solutions.,856903.0,Analytics Manager,Gurgaon,2026-04,Sunday,0,0,0,1,1,0,0,0,0,1,0,1,0,0,1,0,0,1,0,0,0,0,0,0,6
22,Marketing Analyst,AI Solutions,Bangalore,622648,952999,Onsite,Entry,50-200,"Google Cloud, Excel, DAX, Python, JavaScript",2026-04-15,We are a technology company focused on data analytics and AI solutions.,787823.5,Marketing Analyst,Bangalore,2026-04,Wednesday,1,0,1,0,0,0,0,0,0,0,1,1,1,0,0,0,0,0,1,0,0,0,0,0,6
23,Product Analyst,StartupXYZ,Delhi,490792,1148619,Hybrid,Entry,200-500,"Machine Learning, Visualization, Tableau, Spark",2026-05-08,We are a technology company focused on data analytics and AI solutions.,819705.5,Product Analyst,Delhi,2026-05,Friday,0,0,0,0,1,1,0,0,0,0,0,1,0,0,0,0,1,0,0,1,0,0,0,0,5
25,Marketing Analyst,CloudSystems,Delhi,334701,1553315,Onsite,Mid,50-200,"JavaScript, Airflow, Visualization, Tableau, Docker, Power BI",2026-04-13,We are a technology company focused on data analytics and AI solutions.,944008.0,Marketing Analyst,Delhi,2026-04,Monday,0,0,0,1,1,0,0,0,0,0,0,1,1,1,0,1,0,0,0,1,0,0,0,0,7
26,Data Engineer,CloudSystems,Hyderabad,383300,1205804,Onsite,Entry,50-200,"Power BI, Hadoop, JavaScript",2026-03-28,We are a technology company focused on data analytics and AI solutions.,794552.0,Data Engineer,Hyderabad,2026-03,Saturday,0,0,0,1,0,0,0,0,0,0,0,1,1,0,0,0,0,1,0,0,0,0,0,0,4
27,Data Analyst,Finance Inc,Hyderabad,541249,1708182,Hybrid,Mid,500+,"TensorFlow, Power BI, Docker, SQL",2026-05-14,We are a technology company focused on data analytics and AI solutions.,1124715.5,Data Analyst,Hyderabad,2026-05,Thursday,0,1,0,1,0,0,1,0,0,0,0,1,0,1,0,0,0,0,0,0,0,0,0,0,5
30,Product Analyst,MegaCorp,Pune,542615,1893314,Onsite,Entry,200-500,"Azure, Tableau, Power BI, Docker, Python",2026-05-20,We are a technology company focused on data analytics and AI solutions.,1217964.5,Product Analyst,Pune,2026-05,Wednesday,1,0,0,1,1,0,0,0,0,1,0,1,0,1,0,0,0,0,0,0,0,0,0,0,6
31,Marketing Analyst,DataFlow,Delhi,717090,1357685,Remote,Mid,50-200,"Python, PyTorch, Docker, Hadoop, Machine Learning",2026-04-12,We are a technology company focused on data analytics and AI solutions.,1037387.5,Marketing Analyst,Delhi,2026-04,Sunday,1,0,0,0,0,1,0,1,0,0,0,1,0,1,0,0,0,1,0,0,0,0,0,0,6
32,BI Developer,Analytics Pro,Hyderabad,343642,1842377,Hybrid,Senior,50-200,"TensorFlow, Spark, PyTorch, Hadoop, Google Cloud",2026-04-27,We are a technology company focused on data analytics and AI solutions.,1093009.5,Bi Developer,Hyderabad,2026-04,Monday,0,0,0,0,0,0,1,1,0,0,1,1,0,0,0,0,1,1,0,0,0,0,0,0,6
33,Data Analyst,StartupXYZ,Pune,791036,1002332,Hybrid,Entry,200-500,"DAX, AWS, Azure, PyTorch",2026-04-17,We are a technology company focused on data analytics and AI solutions.,896684.0,Data Analyst,Pune,2026-04,Friday,0,0,0,0,0,0,0,1,1,1,0,1,0,0,0,0,0,0,1,0,0,0,0,0,5
34,Senior Data Analyst,MegaCorp,Bangalore,627304,1182729,Hybrid,Entry,500+,"SQL, AWS, Power BI",2026-04-13,We are a technology company focused on data analytics and AI solutions.,905016.5,Senior Data Analyst,Bangalore,2026-04,Monday,0,1,0,1,0,0,0,0,1,0,0,1,0,0,0,0,0,0,0,0,0,0,0,0,4
36,Data Analyst Junior,AI Solutions,Hyderabad,665464,1868392,Onsite,Senior,50-200,"Airflow, Power BI, Docker",2026-03-24,We are a technology company focused on data analytics and AI solutions.,1266928.0,Data Analyst Junior,Hyderabad,2026-03,Tuesday,0,0,0,1,0,0,0,0,0,0,0,1,0,1,0,1,0,0,0,0,0,0,0,0,4
39,Business Analyst,InfoTech,Mumbai,394377,1569299,Remote,Mid,50-200,"Machine Learning, SQL, Hadoop, Visualization, Airflow",2026-05-19,We are a technology company focused on data analytics and AI solutions.,981838.0,Business Analyst,Mumbai,2026-05,Tuesday,0,1,0,0,0,1,0,0,0,0,0,1,0,0,0,1,0,1,0,1,0,0,0,0,6
40,Marketing Analyst,StartupXYZ,Pune,591336,1806080,Onsite,Mid,50-200,"AWS, Airflow, Python",2026-05-19,We are a technology company focused on data analytics and AI solutions.,1198708.0,Marketing Analyst,Pune,2026-05,Tuesday,1,0,0,0,0,0,0,0,1,0,0,1,0,0,0,1,0,0,0,0,0,0,0,0,4
41,Research Analyst,MegaCorp,Hyderabad,608686,1171000,Hybrid,Entry,50-200,"Power BI, Kubernetes, Google Cloud",2026-04-30,We are a technology company focused on data analytics and AI solutions.,889843.0,Research Analyst,Hyderabad,2026-04,Thursday,0,0,0,1,0,0,0,0,0,0,1,1,0,0,1,0,0,0,0,0,0,0,0,0,4
43,BI Developer,AI Solutions,Bangalore,604664,1395923,Onsite,Senior,10-50,"DAX, TensorFlow, SQL, Docker, JavaScript, Spark",2026-03-23,We are a technology company focused on data analytics and AI solutions.,1000293.5,Bi Developer,Bangalore,2026-03,Monday,0,1,0,0,0,0,1,0,0,0,0,1,1,1,0,0,1,0,1,0,0,0,0,0,7
44,Business Analyst,Finance Inc,Bangalore,626916,1016184,Onsite,Mid,10-50,"Machine Learning, Power BI, Tableau, PyTorch, Spark",2026-04-13,We are a technology company focused on data analytics and AI solutions.,821550.0,Business Analyst,Bangalore,2026-04,Monday,0,0,0,1,1,1,0,1,0,0,0,1,0,0,0,0,1,0,0,0,0,0,0,0,6
45,Data Engineer,Digital Solutions,Bangalore,751978,1098090,Onsite,Senior,500+,"PyTorch, Google Cloud, DAX, Tableau, Power BI",2026-03-14,We are a technology company focused on data analytics and AI solutions.,925034.0,Data Engineer,Bangalore,2026-03,Saturday,0,0,0,1,1,0,0,1,0,0,1,1,0,0,0,0,0,0,1,0,0,0,0,0,6
46,Business Analyst,Tech Corp,Bangalore,612250,1117348,Onsite,Senior,10-50,"Power BI, Tableau, DAX, PyTorch, Kubernetes",2026-05-23,We are a technology company focused on data analytics and AI solutions.,864799.0,Business Analyst,Bangalore,2026-05,Saturday,0,0,0,1,1,0,0,1,0,0,0,1,0,0,1,0,0,0,1,0,0,0,0,0,6
47,Research Analyst,Tech Corp,Mumbai,381121,1789156,Remote,Entry,50-200,"Docker, Python, Spark",2026-03-13,We are a technology company focused on data analytics and AI solutions.,1085138.5,Research Analyst,Mumbai,2026-03,Friday,1,0,0,0,0,0,0,0,0,0,0,1,0,1,0,0,1,0,0,0,0,0,0,0,4
48,Data Engineer,Analytics Pro,Bangalore,325559,892324,Onsite,Senior,10-50,"Excel, Hadoop, Machine Learning, Visualization, AWS, SQL",2026-04-17,We are a technology company focused on data analytics and AI solutions.,608941.5,Data Engineer,Bangalore,2026-04,Friday,0,1,1,0,0,1,0,0,1,0,0,1,0,0,0,0,0,1,0,1,0,0,0,0,7
49,BI Developer,Finance Inc,Mumbai,667739,1023536,Hybrid,Entry,10-50,"Google Cloud, PyTorch, SQL, Python, Hadoop",2026-05-13,We are a technology company focused on data analytics and AI solutions.,845637.5,Bi Developer,Mumbai,2026-05,Wednesday,1,1,0,0,0,0,0,1,0,0,1,1,0,0,0,0,0,1,0,0,0,0,0,0,6
50,Research Analyst,InfoTech,Delhi,333742,826155,Onsite,Mid,10-50,"Python, Azure, AWS, R, PyTorch, JavaScript",2026-04-16,We are a technology company focused on data analytics and AI solutions.,579948.5,Research Analyst,Delhi,2026-04,Thursday,1,0,0,0,0,0,0,1,1,1,0,1,1,0,0,0,0,0,0,0,0,0,0,0,6
51,Data Scientist,DataFlow,Mumbai,631813,1141815,Onsite,Entry,10-50,"Spark, Tableau, Visualization, Python, JavaScript, SQL",2026-04-13,We are a technology company focused on data analytics and AI solutions.,886814.0,Data Scientist,Mumbai,2026-04,Monday,1,1,0,0,1,0,0,0,0,0,0,1,1,0,0,0,1,0,0,1,0,0,0,0,7
53,BI Developer,Finance Inc,Mumbai,452826,949381,Hybrid,Mid,50-200,"Machine Learning, AWS, Spark, DAX",2026-06-03,We are a technology company focused on data analytics and AI solutions.,701103.5,Bi Developer,Mumbai,2026-06,Wednesday,0,0,0,0,0,1,0,0,1,0,0,1,0,0,0,0,1,0,1,0,0,0,0,0,5
57,BI Developer,CloudSystems,Mumbai,341873,1737841,Onsite,Entry,50-200,"Tableau, Machine Learning, Airflow, Hadoop",2026-03-10,We are a technology company focused on data analytics and AI solutions.,1039857.0,Bi Developer,Mumbai,2026-03,Tuesday,0,0,0,0,1,1,0,0,0,0,0,1,0,0,0,1,0,1,0,0,0,0,0,0,5
58,Data Analyst Junior,InfoTech,Bangalore,787877,1546788,Remote,Entry,50-200,"Python, Excel, AWS, Visualization",2026-05-10,We are a technology company focused on data analytics and AI solutions.,1167332.5,Data Analyst Junior,Bangalore,2026-05,Sunday,1,0,1,0,0,0,0,0,1,0,0,0,0,0,0,0,0,0,0,1,0,0,0,0,4
60,Data Scientist,Analytics Pro,Bangalore,688411,970102,Remote,Mid,50-200,"Tableau, Excel, Azure, Visualization, SQL, Power BI",2026-03-23,We are a technology company focused on data analytics and AI solutions.,829256.5,Data Scientist,Bangalore,2026-03,Monday,0,1,1,1,1,0,0,0,0,1,0,1,0,0,0,0,0,0,0,1,0,0,0,0,7
61,ML Engineer,Analytics Pro,Gurgaon,703119,1194274,Onsite,Senior,50-200,"SQL, AWS, JavaScript, Azure, Power BI, Spark",2026-03-23,We are a technology company focused on data analytics and AI solutions.,948696.5,Ml Engineer,Gurgaon,2026-03,Monday,0,1,0,1,0,0,0,0,1,1,0,1,1,0,0,0,1,0,0,0,0,0,0,0,7
64,Research Analyst,DataFirst,Bangalore,648100,1822788,Hybrid,Mid,500+,"Airflow, Python, DAX, SQL, Azure",2026-03-17,We are a technology company focused on data analytics and AI solutions.,1235444.0,Research Analyst,Bangalore,2026-03,Tuesday,1,1,0,0,0,0,0,0,0,1,0,1,0,0,0,1,0,0,1,0,0,0,0,0,6
65,Marketing Analyst,AI Solutions,Bangalore,386988,1650610,Onsite,Mid,50-200,"SQL, Python, Tableau, Machine Learning, Kubernetes, JavaScript",2026-04-14,We are a technology company focused on data analytics and AI solutions.,1018799.0,Marketing Analyst,Bangalore,2026-04,Tuesday,1,1,0,0,1,1,0,0,0,0,0,1,1,0,1,0,0,0,0,0,0,0,0,0,7
67,Business Analyst,Finance Inc,Hyderabad,796753,1743115,Hybrid,Entry,50-200,"Airflow, Kubernetes, SQL",2026-05-20,We are a technology company focused on data analytics and AI solutions.,1269934.0,Business Analyst,Hyderabad,2026-05,Wednesday,0,1,0,0,0,0,0,0,0,0,0,1,0,0,1,1,0,0,0,0,0,0,0,0,4
68,Data Analyst,AI Solutions,Pune,425991,1980887,Hybrid,Mid,50-200,"Airflow, PyTorch, Visualization, Power BI, Python",2026-04-15,We are a technology company focused on data analytics and AI solutions.,1203439.0,Data Analyst,Pune,2026-04,Wednesday,1,0,0,1,0,0,0,1,0,0,0,1,0,0,0,1,0,0,0,1,0,0,0,0,6
69,ML Engineer,Finance Inc,Hyderabad,702732,1045546,Hybrid,Senior,10-50,"Python, TensorFlow, Google Cloud, R, Kubernetes",2026-03-25,We are a technology company focused on data analytics and AI solutions.,874139.0,Ml Engineer,Hyderabad,2026-03,Wednesday,1,0,0,0,0,0,1,0,0,0,1,1,0,0,1,0,0,0,0,0,0,0,0,0,5
72,ML Engineer,CloudSystems,Hyderabad,384082,946470,Hybrid,Senior,50-200,"PyTorch, JavaScript, AWS, SQL",2026-04-25,We are a technology company focused on data analytics and AI solutions.,665276.0,Ml Engineer,Hyderabad,2026-04,Saturday,0,1,0,0,0,0,0,1,1,0,0,1,1,0,0,0,0,0,0,0,0,0,0,0,5
73,Data Scientist,MegaCorp,Delhi,712345,1444318,Onsite,Senior,500+,"Google Cloud, Power BI, Hadoop, AWS",2026-03-30,We are a technology company focused on data analytics and AI solutions.,1078331.5,Data Scientist,Delhi,2026-03,Monday,0,0,0,1,0,0,0,0,1,0,1,1,0,0,0,0,0,1,0,0,0,0,0,0,5
74,Product Analyst,Analytics Pro,Kolkata,428322,1855146,Hybrid,Senior,10-50,"PyTorch, Docker, Hadoop",2026-04-26,We are a technology company focused on data analytics and AI solutions.,1141734.0,Product Analyst,Kolkata,2026-04,Sunday,0,0,0,0,0,0,0,1,0,0,0,1,0,1,0,0,0,1,0,0,0,0,0,0,4
75,Product Analyst,CloudSystems,Chennai,432663,1130929,Onsite,Mid,10-50,"PyTorch, DAX, Excel, AWS",2026-03-22,We are a technology company focused on data analytics and AI solutions.,781796.0,Product Analyst,Chennai,2026-03,Sunday,0,0,1,0,0,0,0,1,1,0,0,1,0,0,0,0,0,0,1,0,0,0,0,0,5
76,Data Analyst Junior,CloudSystems,Mumbai,311303,879141,Remote,Mid,10-50,"Power BI, Python, DAX, Visualization",2026-05-18,We are a technology company focused on data analytics and AI solutions.,595222.0,Data Analyst Junior,Mumbai,2026-05,Monday,1,0,0,1,0,0,0,0,0,0,0,1,0,0,0,0,0,0,1,1,0,0,0,0,5
77,ML Engineer,CloudSystems,Chennai,461633,812115,Hybrid,Mid,500+,"AWS, Tableau, Python, Google Cloud, JavaScript",2026-05-28,We are a technology company focused on data analytics and AI solutions.,636874.0,Ml Engineer,Chennai,2026-05,Thursday,1,0,0,0,1,0,0,0,1,0,1,1,1,0,0,0,0,0,0,0,0,0,0,0,6
78,Product Analyst,DataFirst,Hyderabad,633863,1887638,Remote,Mid,50-200,"Spark, Google Cloud, Power BI",2026-04-26,We are a technology company focused on data analytics and AI solutions.,1260750.5,Product Analyst,Hyderabad,2026-04,Sunday,0,0,0,1,0,0,0,0,0,0,1,1,0,0,0,0,1,0,0,0,0,0,0,0,4
81,Marketing Analyst,TechVision,Delhi,559820,1630185,Onsite,Mid,200-500,"Python, Machine Learning, Power BI, Google Cloud, Tableau, Airflow",2026-04-14,We are a technology company focused on data analytics and AI solutions.,1095002.5,Marketing Analyst,Delhi,2026-04,Tuesday,1,0,0,1,1,1,0,0,0,0,1,1,0,0,0,1,0,0,0,0,0,0,0,0,7
83,Data Analyst Junior,StartupXYZ,Delhi,686309,1970439,Hybrid,Entry,200-500,"Hadoop, AWS, Airflow, Python, Google Cloud",2026-04-29,We are a technology company focused on data analytics and AI solutions.,1328374.0,Data Analyst Junior,Delhi,2026-04,Wednesday,1,0,0,0,0,0,0,0,1,0,1,1,0,0,0,1,0,1,0,0,0,0,0,0,6
84,ML Engineer,CloudSystems,Mumbai,386231,1596657,Onsite,Mid,200-500,"Azure, Spark, Power BI, Kubernetes, Visualization, Tableau",2026-04-01,We are a technology company focused on data analytics and AI solutions.,991444.0,Ml Engineer,Mumbai,2026-04,Wednesday,0,0,0,1,1,0,0,0,0,1,0,1,0,0,1,0,1,0,0,1,0,0,0,0,7
86,Research Analyst,AI Solutions,Pune,319623,1825799,Hybrid,Senior,10-50,"TensorFlow, Python, PyTorch",2026-05-22,We are a technology company focused on data analytics and AI solutions.,1072711.0,Research Analyst,Pune,2026-05,Friday,1,0,0,0,0,0,1,1,0,0,0,1,0,0,0,0,0,0,0,0,0,0,0,0,4
88,BI Developer,InfoTech,Gurgaon,790042,1844257,Hybrid,Entry,50-200,"Docker, Power BI, Kubernetes, Google Cloud",2026-05-14,We are a technology company focused on data analytics and AI solutions.,1317149.5,Bi Developer,Gurgaon,2026-05,Thursday,0,0,0,1,0,0,0,0,0,0,1,1,0,1,1,0,0,0,0,0,0,0,0,0,5
90,Data Engineer,MegaCorp,Hyderabad,776840,1764918,Hybrid,Mid,50-200,"Visualization, Machine Learning, JavaScript, Python, DAX, Google Cloud",2026-05-27,We are a technology company focused on data analytics and AI solutions.,1270879.0,Data Engineer,Hyderabad,2026-05,Wednesday,1,0,0,0,0,1,0,0,0,0,1,1,1,0,0,0,0,0,1,1,0,0,0,0,7
91,Data Scientist,StartupXYZ,Delhi,405228,1296758,Onsite,Mid,10-50,"R, Machine Learning, Python, SQL, TensorFlow",2026-04-17,We are a technology company focused on data analytics and AI solutions.,850993.0,Data Scientist,Delhi,2026-04,Friday,1,1,0,0,0,1,1,0,0,0,0,1,0,0,0,0,0,0,0,0,0,0,0,0,5
92,Data Engineer,TechVision,Mumbai,726346,1995225,Hybrid,Mid,10-50,"Hadoop, Google Cloud, Python, R, Machine Learning",2026-03-11,We are a technology company focused on data analytics and AI solutions.,1360785.5,Data Engineer,Mumbai,2026-03,Wednesday,1,0,0,0,0,1,0,0,0,0,1,1,0,0,0,0,0,1,0,0,0,0,0,0,5
93,Analytics Manager,DataFlow,Delhi,482828,1973930,Remote,Entry,200-500,"AWS, Python, Visualization, DAX",2026-04-22,We are a technology company focused on data analytics and AI solutions.,1228379.0,Analytics Manager,Delhi,2026-04,Wednesday,1,0,0,0,0,0,0,0,1,0,0,0,0,0,0,0,0,0,1,1,0,0,0,0,4
94,Data Analyst Junior,Analytics Pro,Delhi,659768,1412297,Onsite,Mid,10-50,"Tableau, SQL, PyTorch, Google Cloud",2026-04-12,We are a technology company focused on data analytics and AI solutions.,1036032.5,Data Analyst Junior,Delhi,2026-04,Sunday,0,1,0,0,1,0,0,1,0,0,1,1,0,0,0,0,0,0,0,0,0,0,0,0,5
95,BI Developer,TechVision,Hyderabad,457364,1248625,Remote,Mid,50-200,"Hadoop, R, Tableau, Kubernetes, AWS",2026-03-11,We are a technology company focused on data analytics and AI solutions.,852994.5,Bi Developer,Hyderabad,2026-03,Wednesday,0,0,0,0,1,0,0,0,1,0,0,1,0,0,1,0,0,1,0,0,0,0,0,0,5
96,Marketing Analyst,StartupXYZ,Bangalore,673929,828625,Onsite,Mid,50-200,"Python, Visualization, DAX, Power BI",2026-05-08,We are a technology company focused on data analytics and AI solutions.,751277.0,Marketing Analyst,Bangalore,2026-05,Friday,1,0,0,1,0,0,0,0,0,0,0,1,0,0,0,0,0,0,1,1,0,0,0,0,5
97,Marketing Analyst,CloudSystems,Gurgaon,648350,1536400,Remote,Mid,10-50,"Google Cloud, Visualization, SQL, Airflow, Spark, DAX",2026-05-16,We are a technology company focused on data analytics and AI solutions.,1092375.0,Marketing Analyst,Gurgaon,2026-05,Saturday,0,1,0,0,0,0,0,0,0,0,1,1,0,0,0,1,1,0,1,1,0,0,0,0,7
99,BI Developer,TechVision,Mumbai,433541,1288011,Hybrid,Entry,10-50,"JavaScript, AWS, R, Python, Tableau, Hadoop",2026-04-15,We are a technology company focused on data analytics and AI solutions.,860776.0,Bi Developer,Mumbai,2026-04,Wednesday,1,0,0,0,1,0,0,0,1,0,0,1,1,0,0,0,0,1,0,0,0,0,0,0,6
100,Data Analyst,MegaCorp,Bangalore,353947,1230424,Remote,Lead,50-200,"Azure, Excel, Power BI, Google Cloud, DAX, PyTorch",2026-04-14,We are a technology company focused on data analytics and AI solutions.,792185.5,Data Analyst,Bangalore,2026-04,Tuesday,0,0,1,1,0,0,0,1,0,1,1,1,0,0,0,0,0,0,1,0,0,0,0,0,7
101,BI Developer,Finance Inc,Bangalore,453606,1116205,Remote,Mid,50-200,"TensorFlow, Kubernetes, Python, R, Airflow",2026-04-22,We are a technology company focused on data analytics and AI solutions.,784905.5,Bi Developer,Bangalore,2026-04,Wednesday,1,0,0,0,0,0,1,0,0,0,0,1,0,0,1,1,0,0,0,0,0,0,0,0,5
102,Research Analyst,Tech Corp,Mumbai,494692,1748163,Remote,Mid,10-50,"Visualization, R, Kubernetes",2026-04-14,We are a technology company focused on data analytics and AI solutions.,1121427.5,Research Analyst,Mumbai,2026-04,Tuesday,0,0,0,0,0,0,0,0,0,0,0,1,0,0,1,0,0,0,0,1,0,0,0,0,3
103,BI Developer,Finance Inc,Mumbai,348874,1847328,Onsite,Entry,10-50,"Excel, DAX, Tableau, Spark",2026-03-27,We are a technology company focused on data analytics and AI solutions.,1098101.0,Bi Developer,Mumbai,2026-03,Friday,0,0,1,0,1,0,0,0,0,0,0,1,0,0,0,0,1,0,1,0,0,0,0,0,5
105,Data Analyst,AI Solutions,Delhi,374553,1633487,Hybrid,Entry,500+,"Python, AWS, Tableau",2026-03-24,We are a technology company focused on data analytics and AI solutions.,1004020.0,Data Analyst,Delhi,2026-03,Tuesday,1,0,0,0,1,0,0,0,1,0,0,0,0,0,0,0,0,0,0,0,0,0,0,0,3
107,Analytics Manager,ResearchLab,Hyderabad,611282,958056,Onsite,Lead,200-500,"PyTorch, R, JavaScript, SQL, Visualization, Google Cloud",2026-03-16,We are a technology company focused on data analytics and AI solutions.,784669.0,Analytics Manager,Hyderabad,2026-03,Monday,0,1,0,0,0,0,0,1,0,0,1,1,1,0,0,0,0,0,0,1,0,0,0,0,6
108,Analytics Manager,MegaCorp,Hyderabad,485374,1434457,Onsite,Mid,200-500,"R, Visualization, Tableau, Azure, SQL",2026-03-08,We are a technology company focused on data analytics and AI solutions.,959915.5,Analytics Manager,Hyderabad,2026-03,Sunday,0,1,0,0,1,0,0,0,0,1,0,1,0,0,0,0,0,0,0,1,0,0,0,0,5
110,Business Analyst,DataFirst,Bangalore,378249,1262785,Hybrid,Entry,50-200,"Spark, Azure, Google Cloud",2026-04-13,We are a technology company focused on data analytics and AI solutions.,820517.0,Business Analyst,Bangalore,2026-04,Monday,0,0,0,0,0,0,0,0,0,1,1,1,0,0,0,0,1,0,0,0,0,0,0,0,4
111,Data Analyst,DataFlow,Mumbai,668009,1832766,Hybrid,Mid,50-200,"PyTorch, Tableau, Docker, R, Hadoop, Airflow",2026-05-12,We are a technology company focused on data analytics and AI solutions.,1250387.5,Data Analyst,Mumbai,2026-05,Tuesday,0,0,0,0,1,0,0,1,0,0,0,1,0,1,0,1,0,1,0,0,0,0,0,0,6
112,Analytics Manager,Digital Solutions,Pune,302719,1329992,Hybrid,Entry,50-200,"AWS, Power BI, R",2026-04-16,We are a technology company focused on data analytics and AI solutions.,816355.5,Analytics Manager,Pune,2026-04,Thursday,0,0,0,1,0,0,0,0,1,0,0,1,0,0,0,0,0,0,0,0,0,0,0,0,3
113,Business Analyst,Tech Corp,Hyderabad,453962,1778080,Remote,Entry,200-500,"Tableau, Excel, Spark, Airflow, Kubernetes",2026-04-27,We are a technology company focused on data analytics and AI solutions.,1116021.0,Business Analyst,Hyderabad,2026-04,Monday,0,0,1,0,1,0,0,0,0,0,0,1,0,0,1,1,1,0,0,0,0,0,0,0,6
114,Business Analyst,ResearchLab,Pune,770452,1528744,Hybrid,Senior,200-500,"Machine Learning, Docker, Hadoop",2026-04-18,We are a technology company focused on data analytics and AI solutions.,1149598.0,Business Analyst,Pune,2026-04,Saturday,0,0,0,0,0,1,0,0,0,0,0,1,0,1,0,0,0,1,0,0,0,0,0,0,4
115,Data Analyst,Analytics Pro,Delhi,729725,1542488,Hybrid,Mid,10-50,"Excel, Power BI, JavaScript, SQL, TensorFlow, Docker",2026-03-24,We are a technology company focused on data analytics and AI solutions.,1136106.5,Data Analyst,Delhi,2026-03,Tuesday,0,1,1,1,0,0,1,0,0,0,0,1,1,1,0,0,0,0,0,0,0,0,0,0,7
116,Senior Data Analyst,ResearchLab,Bangalore,342534,1435567,Onsite,Entry,50-200,"Excel, Machine Learning, DAX, Python",2026-05-28,We are a technology company focused on data analytics and AI solutions.,889050.5,Senior Data Analyst,Bangalore,2026-05,Thursday,1,0,1,0,0,1,0,0,0,0,0,1,0,0,0,0,0,0,1,0,0,0,0,0,5
119,Research Analyst,TechVision,Hyderabad,712003,1322828,Hybrid,Lead,500+,"Airflow, DAX, R, JavaScript, Docker",2026-04-03,We are a technology company focused on data analytics and AI solutions.,1017415.5,Research Analyst,Hyderabad,2026-04,Friday,0,0,0,0,0,0,0,0,0,0,0,1,1,1,0,1,0,0,1,0,0,0,0,0,5
120,Data Analyst Junior,DataFirst,Bangalore,426209,1278366,Hybrid,Mid,200-500,"Visualization, SQL, R, PyTorch, Kubernetes, Excel",2026-03-09,We are a technology company focused on data analytics and AI solutions.,852287.5,Data Analyst Junior,Bangalore,2026-03,Monday,0,1,1,0,0,0,0,1,0,0,0,1,0,0,1,0,0,0,0,1,0,0,0,0,6
121,BI Developer,Tech Corp,Gurgaon,742061,1521384,Remote,Senior,50-200,"AWS, TensorFlow, Excel, JavaScript, Machine Learning",2026-05-06,We are a technology company focused on data analytics and AI solutions.,1131722.5,Bi Developer,Gurgaon,2026-05,Wednesday,0,0,1,0,0,1,1,0,1,0,0,1,1,0,0,0,0,0,0,0,0,0,0,0,6
122,Marketing Analyst,Tech Corp,Delhi,489004,1757386,Hybrid,Mid,50-200,"Python, Azure, AWS",2026-04-27,We are a technology company focused on data analytics and AI solutions.,1123195.0,Marketing Analyst,Delhi,2026-04,Monday,1,0,0,0,0,0,0,0,1,1,0,1,0,0,0,0,0,0,0,0,0,0,0,0,4
123,Research Analyst,DataFirst,Hyderabad,392124,1219139,Hybrid,Senior,200-500,"JavaScript, AWS, Python, SQL, Docker, Hadoop",2026-03-12,We are a technology company focused on data analytics and AI solutions.,805631.5,Research Analyst,Hyderabad,2026-03,Thursday,1,1,0,0,0,0,0,0,1,0,0,1,1,1,0,0,0,1,0,0,0,0,0,0,7
124,BI Developer,StartupXYZ,Delhi,391659,1319777,Hybrid,Lead,10-50,"Docker, TensorFlow, Power BI",2026-05-02,We are a technology company focused on data analytics and AI solutions.,855718.0,Bi Developer,Delhi,2026-05,Saturday,0,0,0,1,0,0,1,0,0,0,0,1,0,1,0,0,0,0,0,0,0,0,0,0,4
125,Analytics Manager,TechVision,Pune,464134,1032549,Hybrid,Entry,50-200,"Power BI, JavaScript, Tableau, PyTorch, Kubernetes",2026-05-06,We are a technology company focused on data analytics and AI solutions.,748341.5,Analytics Manager,Pune,2026-05,Wednesday,0,0,0,1,1,0,0,1,0,0,0,1,1,0,1,0,0,0,0,0,0,0,0,0,6
127,Data Scientist,Analytics Pro,Pune,518335,1590546,Onsite,Mid,10-50,"Python, Excel, Machine Learning, TensorFlow, JavaScript, Visualization",2026-05-12,We are a technology company focused on data analytics and AI solutions.,1054440.5,Data Scientist,Pune,2026-05,Tuesday,1,0,1,0,0,1,1,0,0,0,0,1,1,0,0,0,0,0,0,1,0,0,0,0,7
128,Data Analyst,InfoTech,Pune,788972,1782469,Remote,Mid,200-500,"Tableau, Power BI, Airflow",2026-06-01,We are a technology company focused on data analytics and AI solutions.,1285720.5,Data Analyst,Pune,2026-06,Monday,0,0,0,1,1,0,0,0,0,0,0,1,0,0,0,1,0,0,0,0,0,0,0,0,4
129,Research Analyst,Finance Inc,Hyderabad,753677,836321,Onsite,Mid,50-200,"Excel, JavaScript, Visualization, Airflow, Spark, Kubernetes",2026-04-20,We are a technology company focused on data analytics and AI solutions.,794999.0,Research Analyst,Hyderabad,2026-04,Monday,0,0,1,0,0,0,0,0,0,0,0,1,1,0,1,1,1,0,0,1,0,0,0,0,7
130,Research Analyst,Tech Corp,Bangalore,375418,1135441,Hybrid,Mid,500+,"Hadoop, JavaScript, Visualization, Excel",2026-05-27,We are a technology company focused on data analytics and AI solutions.,755429.5,Research Analyst,Bangalore,2026-05,Wednesday,0,0,1,0,0,0,0,0,0,0,0,1,1,0,0,0,0,1,0,1,0,0,0,0,5
133,Business Analyst,Analytics Pro,Bangalore,728048,1590144,Remote,Mid,200-500,"Python, TensorFlow, Kubernetes, Spark",2026-06-02,We are a technology company focused on data analytics and AI solutions.,1159096.0,Business Analyst,Bangalore,2026-06,Tuesday,1,0,0,0,0,0,1,0,0,0,0,1,0,0,1,0,1,0,0,0,0,0,0,0,5
134,Marketing Analyst,TechVision,Mumbai,463038,1194583,Onsite,Senior,50-200,"TensorFlow, Spark, Machine Learning, Excel, SQL, Hadoop",2026-04-15,We are a technology company focused on data analytics and AI solutions.,828810.5,Marketing Analyst,Mumbai,2026-04,Wednesday,0,1,1,0,0,1,1,0,0,0,0,1,0,0,0,0,1,1,0,0,0,0,0,0,7
135,Analytics Manager,Finance Inc,Delhi,765761,1038389,Onsite,Senior,200-500,"SQL, Hadoop, Google Cloud, R, JavaScript",2026-03-31,We are a technology company focused on data analytics and AI solutions.,902075.0,Analytics Manager,Delhi,2026-03,Tuesday,0,1,0,0,0,0,0,0,0,0,1,1,1,0,0,0,0,1,0,0,0,0,0,0,5
136,Product Analyst,Digital Solutions,Bangalore,706203,1439430,Onsite,Mid,200-500,"TensorFlow, Excel, Machine Learning, SQL, Google Cloud",2026-05-15,We are a technology company focused on data analytics and AI solutions.,1072816.5,Product Analyst,Bangalore,2026-05,Friday,0,1,1,0,0,1,1,0,0,0,1,1,0,0,0,0,0,0,0,0,0,0,0,0,6
137,Senior Data Analyst,TechVision,Delhi,468383,1900500,Hybrid,Mid,10-50,"Visualization, Airflow, Spark, PyTorch, AWS, Python",2026-04-13,We are a technology company focused on data analytics and AI solutions.,1184441.5,Senior Data Analyst,Delhi,2026-04,Monday,1,0,0,0,0,0,0,1,1,0,0,1,0,0,0,1,1,0,0,1,0,0,0,0,7
138,Business Analyst,ResearchLab,Chennai,593719,1876299,Hybrid,Entry,50-200,"Airflow, AWS, DAX, Python, PyTorch",2026-03-11,We are a technology company focused on data analytics and AI solutions.,1235009.0,Business Analyst,Chennai,2026-03,Wednesday,1,0,0,0,0,0,0,1,1,0,0,1,0,0,0,1,0,0,1,0,0,0,0,0,6
139,Data Analyst,Digital Solutions,Mumbai,625996,1558470,Remote,Entry,50-200,"Airflow, Azure, R, PyTorch",2026-04-28,We are a technology company focused on data analytics and AI solutions.,1092233.0,Data Analyst,Mumbai,2026-04,Tuesday,0,0,0,0,0,0,0,1,0,1,0,1,0,0,0,1,0,0,0,0,0,0,0,0,4
140,Business Analyst,DataFirst,Mumbai,558722,1464468,Remote,Entry,50-200,"AWS, Visualization, Hadoop, Docker",2026-03-24,We are a technology company focused on data analytics and AI solutions.,1011595.0,Business Analyst,Mumbai,2026-03,Tuesday,0,0,0,0,0,0,0,0,1,0,0,1,0,1,0,0,0,1,0,1,0,0,0,0,5
142,Business Analyst,StartupXYZ,Mumbai,502053,1486684,Remote,Entry,200-500,"Visualization, Tableau, PyTorch, DAX, TensorFlow, AWS",2026-04-18,We are a technology company focused on data analytics and AI solutions.,994368.5,Business Analyst,Mumbai,2026-04,Saturday,0,0,0,0,1,0,1,1,1,0,0,1,0,0,0,0,0,0,1,1,0,0,0,0,7
143,Data Analyst,Finance Inc,Bangalore,376242,1828400,Remote,Lead,200-500,"Azure, Machine Learning, DAX, Docker, Google Cloud",2026-05-29,We are a technology company focused on data analytics and AI solutions.,1102321.0,Data Analyst,Bangalore,2026-05,Friday,0,0,0,0,0,1,0,0,0,1,1,1,0,1,0,0,0,0,1,0,0,0,0,0,6
144,Data Engineer,CloudSystems,Bangalore,478589,1988575,Hybrid,Mid,200-500,"JavaScript, Hadoop, Python, R, Google Cloud, PyTorch",2026-04-05,We are a technology company focused on data analytics and AI solutions.,1233582.0,Data Engineer,Bangalore,2026-04,Sunday,1,0,0,0,0,0,0,1,0,0,1,1,1,0,0,0,0,1,0,0,0,0,0,0,6
146,Research Analyst,DataFlow,Hyderabad,780488,1158690,Onsite,Mid,500+,"DAX, Excel, SQL",2026-04-21,We are a technology company focused on data analytics and AI solutions.,969589.0,Research Analyst,Hyderabad,2026-04,Tuesday,0,1,1,0,0,0,0,0,0,0,0,0,0,0,0,0,0,0,1,0,0,0,0,0,3
147,Research Analyst,DataFlow,Bangalore,735423,1739947,Onsite,Entry,200-500,"Power BI, SQL, Airflow",2026-03-13,We are a technology company focused on data analytics and AI solutions.,1237685.0,Research Analyst,Bangalore,2026-03,Friday,0,1,0,1,0,0,0,0,0,0,0,1,0,0,0,1,0,0,0,0,0,0,0,0,4
148,Senior Data Analyst,Finance Inc,Mumbai,444353,879973,Hybrid,Mid,200-500,"Power BI, DAX, Google Cloud",2026-05-17,We are a technology company focused on data analytics and AI solutions.,662163.0,Senior Data Analyst,Mumbai,2026-05,Sunday,0,0,0,1,0,0,0,0,0,0,1,1,0,0,0,0,0,0,1,0,0,0,0,0,4
149,BI Developer,Digital Solutions,Bangalore,623390,1434122,Hybrid,Mid,500+,"PyTorch, JavaScript, Kubernetes, Spark, R, Machine Learning",2026-03-31,We are a technology company focused on data analytics and AI solutions.,1028756.0,Bi Developer,Bangalore,2026-03,Tuesday,0,0,0,0,0,1,0,1,0,0,0,1,1,0,1,0,1,0,0,0,0,0,0,0,6
150,Data Analyst Junior,TechVision,Bangalore,563579,1848173,Hybrid,Mid,50-200,"Azure, Google Cloud, Python, TensorFlow, SQL, Kubernetes",2026-05-10,We are a technology company focused on data analytics and AI solutions.,1205876.0,Data Analyst Junior,Bangalore,2026-05,Sunday,1,1,0,0,0,0,1,0,0,1,1,1,0,0,1,0,0,0,0,0,0,0,0,0,7
151,Data Analyst Junior,StartupXYZ,Delhi,529947,1087681,Onsite,Mid,200-500,"SQL, Airflow, Docker, JavaScript, Power BI, Tableau",2026-05-08,We are a technology company focused on data analytics and AI solutions.,808814.0,Data Analyst Junior,Delhi,2026-05,Friday,0,1,0,1,1,0,0,0,0,0,0,1,1,1,0,1,0,0,0,0,0,0,0,0,7
152,Marketing Analyst,InfoTech,Delhi,531758,1294509,Remote,Lead,10-50,"PyTorch, Spark, Power BI",2026-05-28,We are a technology company focused on data analytics and AI solutions.,913133.5,Marketing Analyst,Delhi,2026-05,Thursday,0,0,0,1,0,0,0,1,0,0,0,1,0,0,0,0,1,0,0,0,0,0,0,0,4
153,Business Analyst,DataFlow,Hyderabad,391357,1025049,Hybrid,Senior,50-200,"Python, DAX, R, JavaScript",2026-04-21,We are a technology company focused on data analytics and AI solutions.,708203.0,Business Analyst,Hyderabad,2026-04,Tuesday,1,0,0,0,0,0,0,0,0,0,0,1,1,0,0,0,0,0,1,0,0,0,0,0,4
154,Research Analyst,StartupXYZ,Chennai,457732,966703,Onsite,Mid,50-200,"Excel, Tableau, Visualization, DAX, Azure, Hadoop",2026-05-06,We are a technology company focused on data analytics and AI solutions.,712217.5,Research Analyst,Chennai,2026-05,Wednesday,0,0,1,0,1,0,0,0,0,1,0,1,0,0,0,0,0,1,1,1,0,0,0,0,7
155,Data Analyst,DataFlow,Bangalore,698300,1564357,Hybrid,Mid,500+,"Kubernetes, AWS, Tableau, PyTorch",2026-04-21,We are a technology company focused on data analytics and AI solutions.,1131328.5,Data Analyst,Bangalore,2026-04,Tuesday,0,0,0,0,1,0,0,1,1,0,0,1,0,0,1,0,0,0,0,0,0,0,0,0,5
156,ML Engineer,ResearchLab,Delhi,775413,1547419,Hybrid,Mid,500+,"AWS, Python, Power BI, Google Cloud, PyTorch",2026-04-29,We are a technology company focused on data analytics and AI solutions.,1161416.0,Ml Engineer,Delhi,2026-04,Wednesday,1,0,0,1,0,0,0,1,1,0,1,1,0,0,0,0,0,0,0,0,0,0,0,0,6
158,Data Engineer,ResearchLab,Kolkata,503667,935832,Remote,Mid,200-500,"R, Python, SQL, Google Cloud, TensorFlow",2026-05-29,We are a technology company focused on data analytics and AI solutions.,719749.5,Data Engineer,Kolkata,2026-05,Friday,1,1,0,0,0,0,1,0,0,0,1,1,0,0,0,0,0,0,0,0,0,0,0,0,5
159,Research Analyst,Analytics Pro,Delhi,383807,1083780,Hybrid,Entry,50-200,"Python, Tableau, Google Cloud, Azure, Docker, Visualization",2026-05-10,We are a technology company focused on data analytics and AI solutions.,733793.5,Research Analyst,Delhi,2026-05,Sunday,1,0,0,0,1,0,0,0,0,1,1,1,0,1,0,0,0,0,0,1,0,0,0,0,7
160,Research Analyst,DataFlow,Delhi,738755,1902127,Remote,Mid,500+,"Power BI, SQL, Google Cloud, Hadoop, Excel, Docker",2026-05-04,We are a technology company focused on data analytics and AI solutions.,1320441.0,Research Analyst,Delhi,2026-05,Monday,0,1,1,1,0,0,0,0,0,0,1,1,0,1,0,0,0,1,0,0,0,0,0,0,7
163,Research Analyst,ResearchLab,Hyderabad,558778,1808559,Onsite,Lead,10-50,"PyTorch, Google Cloud, Power BI, AWS, Azure, JavaScript",2026-03-22,We are a technology company focused on data analytics and AI solutions.,1183668.5,Research Analyst,Hyderabad,2026-03,Sunday,0,0,0,1,0,0,0,1,1,1,1,1,1,0,0,0,0,0,0,0,0,0,0,0,7
164,Senior Data Analyst,DataFirst,Delhi,481264,1220182,Remote,Senior,200-500,"Kubernetes, Machine Learning, Python",2026-04-28,We are a technology company focused on data analytics and AI solutions.,850723.0,Senior Data Analyst,Delhi,2026-04,Tuesday,1,0,0,0,0,1,0,0,0,0,0,1,0,0,1,0,0,0,0,0,0,0,0,0,4
165,Business Analyst,SmartAnalytics,Bangalore,773611,1482347,Hybrid,Senior,200-500,"PyTorch, Visualization, Python, R, Spark, Tableau",2026-05-08,We are a technology company focused on data analytics and AI solutions.,1127979.0,Business Analyst,Bangalore,2026-05,Friday,1,0,0,0,1,0,0,1,0,0,0,1,0,0,0,0,1,0,0,1,0,0,0,0,6
166,Product Analyst,CloudSystems,Delhi,685941,1822378,Remote,Mid,50-200,"Spark, R, PyTorch, Tableau",2026-05-22,We are a technology company focused on data analytics and AI solutions.,1254159.5,Product Analyst,Delhi,2026-05,Friday,0,0,0,0,1,0,0,1,0,0,0,1,0,0,0,0,1,0,0,0,0,0,0,0,4
167,Marketing Analyst,DataFlow,Hyderabad,626032,1513708,Onsite,Senior,10-50,"TensorFlow, Airflow, Visualization, Python, Docker, Kubernetes",2026-04-24,We are a technology company focused on data analytics and AI solutions.,1069870.0,Marketing Analyst,Hyderabad,2026-04,Friday,1,0,0,0,0,0,1,0,0,0,0,1,0,1,1,1,0,0,0,1,0,0,0,0,7
168,Data Scientist,Finance Inc,Mumbai,373609,1348884,Remote,Entry,200-500,"SQL, TensorFlow, AWS, Power BI, Python, DAX",2026-03-30,We are a technology company focused on data analytics and AI solutions.,861246.5,Data Scientist,Mumbai,2026-03,Monday,1,1,0,1,0,0,1,0,1,0,0,1,0,0,0,0,0,0,1,0,0,0,0,0,7
169,Data Analyst Junior,ResearchLab,Bangalore,571221,1650538,Hybrid,Senior,10-50,"Power BI, Visualization, PyTorch, Hadoop, TensorFlow, Excel",2026-03-11,We are a technology company focused on data analytics and AI solutions.,1110879.5,Data Analyst Junior,Bangalore,2026-03,Wednesday,0,0,1,1,0,0,1,1,0,0,0,1,0,0,0,0,0,1,0,1,0,0,0,0,7
170,BI Developer,Analytics Pro,Bangalore,548512,1825014,Onsite,Entry,200-500,"Excel, R, Python, Airflow",2026-05-11,We are a technology company focused on data analytics and AI solutions.,1186763.0,Bi Developer,Bangalore,2026-05,Monday,1,0,1,0,0,0,0,0,0,0,0,1,0,0,0,1,0,0,0,0,0,0,0,0,4
171,Data Engineer,InfoTech,Mumbai,553973,1787471,Onsite,Senior,500+,"Kubernetes, Power BI, DAX, Hadoop, SQL",2026-04-21,We are a technology company focused on data analytics and AI solutions.,1170722.0,Data Engineer,Mumbai,2026-04,Tuesday,0,1,0,1,0,0,0,0,0,0,0,1,0,0,1,0,0,1,1,0,0,0,0,0,6
172,Product Analyst,InfoTech,Bangalore,583097,859182,Remote,Entry,50-200,"Spark, Kubernetes, Machine Learning, Visualization, JavaScript",2026-04-05,We are a technology company focused on data analytics and AI solutions.,721139.5,Product Analyst,Bangalore,2026-04,Sunday,0,0,0,0,0,1,0,0,0,0,0,1,1,0,1,0,1,0,0,1,0,0,0,0,6
177,ML Engineer,CloudSystems,Hyderabad,730783,1696782,Remote,Lead,500+,"SQL, R, Spark, PyTorch, Kubernetes, Google Cloud",2026-05-13,We are a technology company focused on data analytics and AI solutions.,1213782.5,Ml Engineer,Hyderabad,2026-05,Wednesday,0,1,0,0,0,0,0,1,0,0,1,1,0,0,1,0,1,0,0,0,0,0,0,0,6
178,Senior Data Analyst,CloudSystems,Mumbai,415374,1570188,Onsite,Mid,10-50,"Spark, Google Cloud, Excel, Python, PyTorch, JavaScript",2026-03-21,We are a technology company focused on data analytics and AI solutions.,992781.0,Senior Data Analyst,Mumbai,2026-03,Saturday,1,0,1,0,0,0,0,1,0,0,1,1,1,0,0,0,1,0,0,0,0,0,0,0,7
180,Research Analyst,Tech Corp,Delhi,452267,1755154,Hybrid,Mid,200-500,"Machine Learning, Azure, Spark, AWS, Google Cloud",2026-05-22,We are a technology company focused on data analytics and AI solutions.,1103710.5,Research Analyst,Delhi,2026-05,Friday,0,0,0,0,0,1,0,0,1,1,1,1,0,0,0,0,1,0,0,0,0,0,0,0,6
182,BI Developer,ProductCo,Pune,784090,1505475,Onsite,Entry,10-50,"Tableau, Hadoop, Python",2026-05-19,We are a technology company focused on data analytics and AI solutions.,1144782.5,Bi Developer,Pune,2026-05,Tuesday,1,0,0,0,1,0,0,0,0,0,0,0,0,0,0,0,0,1,0,0,0,0,0,0,3
183,Research Analyst,ResearchLab,Gurgaon,649410,1382004,Remote,Entry,200-500,"Excel, Kubernetes, AWS, Google Cloud",2026-04-20,We are a technology company focused on data analytics and AI solutions.,1015707.0,Research Analyst,Gurgaon,2026-04,Monday,0,0,1,0,0,0,0,0,1,0,1,1,0,0,1,0,0,0,0,0,0,0,0,0,5
184,Data Analyst,DataFirst,Bangalore,452499,1680179,Hybrid,Senior,50-200,"Google Cloud, PyTorch, Tableau, Machine Learning, Kubernetes",2026-03-31,We are a technology company focused on data analytics and AI solutions.,1066339.0,Data Analyst,Bangalore,2026-03,Tuesday,0,0,0,0,1,1,0,1,0,0,1,1,0,0,1,0,0,0,0,0,0,0,0,0,6
185,Data Analyst,Analytics Pro,Bangalore,662876,1548013,Remote,Mid,50-200,"Power BI, Google Cloud, TensorFlow, Python, Excel, Machine Learning",2026-05-24,We are a technology company focused on data analytics and AI solutions.,1105444.5,Data Analyst,Bangalore,2026-05,Sunday,1,0,1,1,0,1,1,0,0,0,1,1,0,0,0,0,0,0,0,0,0,0,0,0,7
186,BI Developer,MegaCorp,Bangalore,589227,1491738,Onsite,Mid,10-50,"PyTorch, Excel, Kubernetes",2026-03-26,We are a technology company focused on data analytics and AI solutions.,1040482.5,Bi Developer,Bangalore,2026-03,Thursday,0,0,1,0,0,0,0,1,0,0,0,1,0,0,1,0,0,0,0,0,0,0,0,0,4
187,Senior Data Analyst,CloudSystems,Bangalore,518118,944539,Hybrid,Mid,500+,"DAX, Python, Spark, R",2026-05-15,We are a technology company focused on data analytics and AI solutions.,731328.5,Senior Data Analyst,Bangalore,2026-05,Friday,1,0,0,0,0,0,0,0,0,0,0,1,0,0,0,0,1,0,1,0,0,0,0,0,4
188,BI Developer,TechVision,Mumbai,619516,1224226,Onsite,Mid,10-50,"Machine Learning, Google Cloud, Visualization, PyTorch",2026-04-02,We are a technology company focused on data analytics and AI solutions.,921871.0,Bi Developer,Mumbai,2026-04,Thursday,0,0,0,0,0,1,0,1,0,0,1,1,0,0,0,0,0,0,0,1,0,0,0,0,5
189,ML Engineer,AI Solutions,Chennai,423786,1970575,Remote,Senior,50-200,"Excel, Azure, Power BI",2026-05-23,We are a technology company focused on data analytics and AI solutions.,1197180.5,Ml Engineer,Chennai,2026-05,Saturday,0,0,1,1,0,0,0,0,0,1,0,1,0,0,0,0,0,0,0,0,0,0,0,0,4
190,BI Developer,InfoTech,Hyderabad,737280,1963369,Remote,Lead,50-200,"Visualization, JavaScript, Power BI, Excel",2026-04-03,We are a technology company focused on data analytics and AI solutions.,1350324.5,Bi Developer,Hyderabad,2026-04,Friday,0,0,1,1,0,0,0,0,0,0,0,1,1,0,0,0,0,0,0,1,0,0,0,0,5
191,Business Analyst,CloudSystems,Hyderabad,307813,812289,Remote,Mid,500+,"Spark, Google Cloud, Machine Learning, R",2026-04-23,We are a technology company focused on data analytics and AI solutions.,560051.0,Business Analyst,Hyderabad,2026-04,Thursday,0,0,0,0,0,1,0,0,0,0,1,1,0,0,0,0,1,0,0,0,0,0,0,0,4
192,Research Analyst,AI Solutions,Bangalore,331598,1500336,Remote,Senior,200-500,"JavaScript, Docker, R, Tableau, Power BI",2026-03-13,We are a technology company focused on data analytics and AI solutions.,915967.0,Research Analyst,Bangalore,2026-03,Friday,0,0,0,1,1,0,0,0,0,0,0,1,1,1,0,0,0,0,0,0,0,0,0,0,5
193,Product Analyst,DataFlow,Delhi,557951,1498956,Remote,Senior,200-500,"Kubernetes, Hadoop, Azure, Spark, Airflow",2026-03-27,We are a technology company focused on data analytics and AI solutions.,1028453.5,Product Analyst,Delhi,2026-03,Friday,0,0,0,0,0,0,0,0,0,1,0,1,0,0,1,1,1,1,0,0,0,0,0,0,6
194,Analytics Manager,Analytics Pro,Mumbai,393106,886365,Onsite,Mid,50-200,"Kubernetes, Power BI, DAX, R, Tableau, Spark",2026-04-07,We are a technology company focused on data analytics and AI solutions.,639735.5,Analytics Manager,Mumbai,2026-04,Tuesday,0,0,0,1,1,0,0,0,0,0,0,1,0,0,1,0,1,0,1,0,0,0,0,0,6
195,Senior Data Analyst,DataFlow,Hyderabad,589226,1554950,Remote,Lead,200-500,"SQL, Hadoop, Google Cloud, R, JavaScript, PyTorch",2026-05-30,We are a technology company focused on data analytics and AI solutions.,1072088.0,Senior Data Analyst,Hyderabad,2026-05,Saturday,0,1,0,0,0,0,0,1,0,0,1,1,1,0,0,0,0,1,0,0,0,0,0,0,6
196,BI Developer,ProductCo,Chennai,591385,975211,Remote,Entry,50-200,"Power BI, Airflow, Kubernetes, Python, JavaScript",2026-05-08,We are a technology company focused on data analytics and AI solutions.,783298.0,Bi Developer,Chennai,2026-05,Friday,1,0,0,1,0,0,0,0,0,0,0,1,1,0,1,1,0,0,0,0,0,0,0,0,6
197,Data Engineer,Finance Inc,Pune,527286,1921164,Onsite,Entry,200-500,"Spark, Power BI, JavaScript, Machine Learning, Azure",2026-05-07,We are a technology company focused on data analytics and AI solutions.,1224225.0,Data Engineer,Pune,2026-05,Thursday,0,0,0,1,0,1,0,0,0,1,0,1,1,0,0,0,1,0,0,0,0,0,0,0,6
198,Data Analyst,MegaCorp,Hyderabad,737785,863646,Hybrid,Senior,500+,"Spark, Docker, R, Power BI",2026-05-09,We are a technology company focused on data analytics and AI solutions.,800715.5,Data Analyst,Hyderabad,2026-05,Saturday,0,0,0,1,0,0,0,0,0,0,0,1,0,1,0,0,1,0,0,0,0,0,0,0,4
199,Business Analyst,Analytics Pro,Mumbai,311745,1065798,Onsite,Mid,10-50,"PyTorch, Google Cloud, Spark, Docker, Python",2026-04-16,We are a technology company focused on data analytics and AI solutions.,688771.5,Business Analyst,Mumbai,2026-04,Thursday,1,0,0,0,0,0,0,1,0,0,1,1,0,1,0,0,1,0,0,0,0,0,0,0,6
200,Data Analyst Junior,Tech Corp,Delhi,588173,1529532,Remote,Senior,200-500,"Machine Learning, Python, Kubernetes, Excel, Power BI, Tableau",2026-05-14,We are a technology company focused on data analytics and AI solutions.,1058852.5,Data Analyst Junior,Delhi,2026-05,Thursday,1,0,1,1,1,1,0,0,0,0,0,1,0,0,1,0,0,0,0,0,0,0,0,0,7
204,Product Analyst,SmartAnalytics,Hyderabad,445360,1706323,Onsite,Mid,50-200,"Hadoop, JavaScript, AWS, Machine Learning, Docker, Power BI",2026-04-10,We are a technology company focused on data analytics and AI solutions.,1075841.5,Product Analyst,Hyderabad,2026-04,Friday,0,0,0,1,0,1,0,0,1,0,0,1,1,1,0,0,0,1,0,0,0,0,0,0,7
206,BI Developer,TechVision,Chennai,699756,1336437,Hybrid,Mid,200-500,"Excel, JavaScript, Python, Visualization",2026-05-09,We are a technology company focused on data analytics and AI solutions.,1018096.5,Bi Developer,Chennai,2026-05,Saturday,1,0,1,0,0,0,0,0,0,0,0,1,1,0,0,0,0,0,0,1,0,0,0,0,5
207,ML Engineer,Analytics Pro,Hyderabad,659912,1366956,Hybrid,Senior,50-200,"Docker, R, Machine Learning, DAX, SQL",2026-03-12,We are a technology company focused on data analytics and AI solutions.,1013434.0,Ml Engineer,Hyderabad,2026-03,Thursday,0,1,0,0,0,1,0,0,0,0,0,1,0,1,0,0,0,0,1,0,0,0,0,0,5
208,Data Analyst,StartupXYZ,Bangalore,513030,1794170,Remote,Entry,200-500,"Python, Hadoop, Spark, Airflow",2026-05-10,We are a technology company focused on data analytics and AI solutions.,1153600.0,Data Analyst,Bangalore,2026-05,Sunday,1,0,0,0,0,0,0,0,0,0,0,1,0,0,0,1,1,1,0,0,0,0,0,0,5
209,Data Analyst,StartupXYZ,Hyderabad,499950,1412492,Onsite,Mid,50-200,"Hadoop, Machine Learning, Visualization, SQL",2026-03-19,We are a technology company focused on data analytics and AI solutions.,956221.0,Data Analyst,Hyderabad,2026-03,Thursday,0,1,0,0,0,1,0,0,0,0,0,1,0,0,0,0,0,1,0,1,0,0,0,0,5
210,Data Analyst Junior,ProductCo,Hyderabad,341846,1011830,Remote,Mid,10-50,"TensorFlow, Kubernetes, Google Cloud, Python, Machine Learning",2026-05-02,We are a technology company focused on data analytics and AI solutions.,676838.0,Data Analyst Junior,Hyderabad,2026-05,Saturday,1,0,0,0,0,1,1,0,0,0,1,1,0,0,1,0,0,0,0,0,0,0,0,0,6
212,Marketing Analyst,SmartAnalytics,Bangalore,638076,1989083,Onsite,Mid,50-200,"AWS, Excel, TensorFlow, Spark, Power BI, JavaScript",2026-03-24,We are a technology company focused on data analytics and AI solutions.,1313579.5,Marketing Analyst,Bangalore,2026-03,Tuesday,0,0,1,1,0,0,1,0,1,0,0,1,1,0,0,0,1,0,0,0,0,0,0,0,7
213,Research Analyst,Finance Inc,Bangalore,448554,1025160,Hybrid,Entry,50-200,"Visualization, DAX, Docker, Python, Tableau, Airflow",2026-03-27,We are a technology company focused on data analytics and AI solutions.,736857.0,Research Analyst,Bangalore,2026-03,Friday,1,0,0,0,1,0,0,0,0,0,0,1,0,1,0,1,0,0,1,1,0,0,0,0,7
215,Business Analyst,Digital Solutions,Mumbai,744191,1321998,Remote,Mid,50-200,"SQL, Python, Docker, Google Cloud",2026-05-12,We are a technology company focused on data analytics and AI solutions.,1033094.5,Business Analyst,Mumbai,2026-05,Tuesday,1,1,0,0,0,0,0,0,0,0,1,1,0,1,0,0,0,0,0,0,0,0,0,0,5
216,Data Analyst,ProductCo,Bangalore,753761,1406217,Hybrid,Senior,10-50,"R, Tableau, Visualization",2026-05-05,We are a technology company focused on data analytics and AI solutions.,1079989.0,Data Analyst,Bangalore,2026-05,Tuesday,0,0,0,0,1,0,0,0,0,0,0,1,0,0,0,0,0,0,0,1,0,0,0,0,3
217,Data Engineer,ResearchLab,Delhi,640941,875388,Remote,Entry,50-200,"TensorFlow, Spark, SQL, Docker, JavaScript",2026-03-18,We are a technology company focused on data analytics and AI solutions.,758164.5,Data Engineer,Delhi,2026-03,Wednesday,0,1,0,0,0,0,1,0,0,0,0,1,1,1,0,0,1,0,0,0,0,0,0,0,6
218,Data Analyst,InfoTech,Hyderabad,614451,1355689,Onsite,Entry,500+,"TensorFlow, Kubernetes, Excel, Power BI, Hadoop, Azure",2026-04-11,We are a technology company focused on data analytics and AI solutions.,985070.0,Data Analyst,Hyderabad,2026-04,Saturday,0,0,1,1,0,0,1,0,0,1,0,1,0,0,1,0,0,1,0,0,0,0,0,0,7
220,Data Analyst,CloudSystems,Mumbai,770474,1032601,Remote,Entry,200-500,"R, Python, Airflow, Docker, Google Cloud, Azure",2026-05-24,We are a technology company focused on data analytics and AI solutions.,901537.5,Data Analyst,Mumbai,2026-05,Sunday,1,0,0,0,0,0,0,0,0,1,1,1,0,1,0,1,0,0,0,0,0,0,0,0,6
222,Data Analyst,ResearchLab,Bangalore,352930,1882660,Remote,Mid,10-50,"DAX, Hadoop, Google Cloud",2026-05-29,We are a technology company focused on data analytics and AI solutions.,1117795.0,Data Analyst,Bangalore,2026-05,Friday,0,0,0,0,0,0,0,0,0,0,1,0,0,0,0,0,0,1,1,0,0,0,0,0,3
223,Data Scientist,DataFirst,Pune,548656,905111,Hybrid,Senior,50-200,"SQL, Docker, Excel, AWS",2026-05-24,We are a technology company focused on data analytics and AI solutions.,726883.5,Data Scientist,Pune,2026-05,Sunday,0,1,1,0,0,0,0,0,1,0,0,1,0,1,0,0,0,0,0,0,0,0,0,0,5
224,Data Scientist,Finance Inc,Gurgaon,737629,1229667,Hybrid,Entry,200-500,"Docker, Kubernetes, R, Tableau, SQL, Excel",2026-03-19,We are a technology company focused on data analytics and AI solutions.,983648.0,Data Scientist,Gurgaon,2026-03,Thursday,0,1,1,0,1,0,0,0,0,0,0,1,0,1,1,0,0,0,0,0,0,0,0,0,6
226,Product Analyst,Analytics Pro,Bangalore,524695,1098185,Hybrid,Senior,50-200,"SQL, Kubernetes, Spark",2026-03-30,We are a technology company focused on data analytics and AI solutions.,811440.0,Product Analyst,Bangalore,2026-03,Monday,0,1,0,0,0,0,0,0,0,0,0,1,0,0,1,0,1,0,0,0,0,0,0,0,4
227,Research Analyst,AI Solutions,Chennai,660027,1034386,Remote,Senior,50-200,"Azure, R, Kubernetes, Google Cloud, AWS",2026-04-12,We are a technology company focused on data analytics and AI solutions.,847206.5,Research Analyst,Chennai,2026-04,Sunday,0,0,0,0,0,0,0,0,1,1,1,1,0,0,1,0,0,0,0,0,0,0,0,0,5
229,Data Analyst,DataFirst,Hyderabad,353268,1301174,Remote,Entry,500+,"Python, Tableau, PyTorch, JavaScript",2026-05-18,We are a technology company focused on data analytics and AI solutions.,827221.0,Data Analyst,Hyderabad,2026-05,Monday,1,0,0,0,1,0,0,1,0,0,0,1,1,0,0,0,0,0,0,0,0,0,0,0,5
230,Data Analyst,CloudSystems,Chennai,732430,1584625,Remote,Senior,10-50,"DAX, R, Excel, SQL, TensorFlow, Visualization",2026-05-07,We are a technology company focused on data analytics and AI solutions.,1158527.5,Data Analyst,Chennai,2026-05,Thursday,0,1,1,0,0,0,1,0,0,0,0,1,0,0,0,0,0,0,1,1,0,0,0,0,6
231,Business Analyst,StartupXYZ,Bangalore,512943,1451844,Remote,Senior,50-200,"Visualization, JavaScript, R",2026-05-13,We are a technology company focused on data analytics and AI solutions.,982393.5,Business Analyst,Bangalore,2026-05,Wednesday,0,0,0,0,0,0,0,0,0,0,0,1,1,0,0,0,0,0,0,1,0,0,0,0,3
235,Data Analyst Junior,SmartAnalytics,Bangalore,348901,817633,Remote,Mid,50-200,"Machine Learning, SQL, Kubernetes, Docker, Tableau, Airflow",2026-05-11,We are a technology company focused on data analytics and AI solutions.,583267.0,Data Analyst Junior,Bangalore,2026-05,Monday,0,1,0,0,1,1,0,0,0,0,0,1,0,1,1,1,0,0,0,0,0,0,0,0,7
236,Product Analyst,TechVision,Delhi,662130,1812384,Onsite,Entry,200-500,"Machine Learning, PyTorch, Hadoop",2026-03-29,We are a technology company focused on data analytics and AI solutions.,1237257.0,Product Analyst,Delhi,2026-03,Sunday,0,0,0,0,0,1,0,1,0,0,0,1,0,0,0,0,0,1,0,0,0,0,0,0,4
237,Research Analyst,ResearchLab,Bangalore,494488,1666964,Onsite,Mid,200-500,"Power BI, Python, Docker, Azure, Google Cloud",2026-05-05,We are a technology company focused on data analytics and AI solutions.,1080726.0,Research Analyst,Bangalore,2026-05,Tuesday,1,0,0,1,0,0,0,0,0,1,1,1,0,1,0,0,0,0,0,0,0,0,0,0,6
239,Research Analyst,Finance Inc,Hyderabad,690530,1759125,Onsite,Mid,50-200,"AWS, TensorFlow, Airflow",2026-03-30,We are a technology company focused on data analytics and AI solutions.,1224827.5,Research Analyst,Hyderabad,2026-03,Monday,0,0,0,0,0,0,1,0,1,0,0,1,0,0,0,1,0,0,0,0,0,0,0,0,4
241,Analytics Manager,Digital Solutions,Kolkata,438496,1916964,Remote,Entry,50-200,"Machine Learning, R, Airflow, TensorFlow, SQL, Azure",2026-03-18,We are a technology company focused on data analytics and AI solutions.,1177730.0,Analytics Manager,Kolkata,2026-03,Wednesday,0,1,0,0,0,1,1,0,0,1,0,1,0,0,0,1,0,0,0,0,0,0,0,0,6
242,Senior Data Analyst,DataFirst,Bangalore,575001,1941154,Hybrid,Mid,10-50,"Machine Learning, SQL, Kubernetes, Power BI",2026-04-24,We are a technology company focused on data analytics and AI solutions.,1258077.5,Senior Data Analyst,Bangalore,2026-04,Friday,0,1,0,1,0,1,0,0,0,0,0,1,0,0,1,0,0,0,0,0,0,0,0,0,5
243,Data Analyst,TechVision,Mumbai,541531,1489115,Hybrid,Entry,50-200,"Airflow, Kubernetes, Machine Learning, Visualization, Excel, JavaScript",2026-03-14,We are a technology company focused on data analytics and AI solutions.,1015323.0,Data Analyst,Mumbai,2026-03,Saturday,0,0,1,0,0,1,0,0,0,0,0,1,1,0,1,1,0,0,0,1,0,0,0,0,7
244,Product Analyst,SmartAnalytics,Pune,546693,1364678,Remote,Senior,50-200,"Azure, Kubernetes, Visualization, Power BI, Excel, Hadoop",2026-04-14,We are a technology company focused on data analytics and AI solutions.,955685.5,Product Analyst,Pune,2026-04,Tuesday,0,0,1,1,0,0,0,0,0,1,0,1,0,0,1,0,0,1,0,1,0,0,0,0,7
246,Data Engineer,Tech Corp,Hyderabad,770177,857993,Onsite,Entry,200-500,"Python, Hadoop, Kubernetes, Airflow",2026-05-22,We are a technology company focused on data analytics and AI solutions.,814085.0,Data Engineer,Hyderabad,2026-05,Friday,1,0,0,0,0,0,0,0,0,0,0,1,0,0,1,1,0,1,0,0,0,0,0,0,5
247,ML Engineer,TechVision,Bangalore,695196,1005768,Hybrid,Lead,500+,"Tableau, JavaScript, DAX, Python, Machine Learning",2026-05-23,We are a technology company focused on data analytics and AI solutions.,850482.0,Ml Engineer,Bangalore,2026-05,Saturday,1,0,0,0,1,1,0,0,0,0,0,1,1,0,0,0,0,0,1,0,0,0,0,0,6
249,Product Analyst,Tech Corp,Bangalore,326431,1822460,Hybrid,Entry,10-50,"AWS, Azure, PyTorch",2026-05-26,We are a technology company focused on data analytics and AI solutions.,1074445.5,Product Analyst,Bangalore,2026-05,Tuesday,0,0,0,0,0,0,0,1,1,1,0,1,0,0,0,0,0,0,0,0,0,0,0,0,4
250,Product Analyst,ProductCo,Bangalore,647120,1593853,Hybrid,Entry,10-50,"Power BI, Google Cloud, AWS, Airflow, Machine Learning",2026-03-11,We are a technology company focused on data analytics and AI solutions.,1120486.5,Product Analyst,Bangalore,2026-03,Wednesday,0,0,0,1,0,1,0,0,1,0,1,1,0,0,0,1,0,0,0,0,0,0,0,0,6
252,Data Analyst,ProductCo,Bangalore,644855,1342015,Remote,Senior,50-200,"PyTorch, SQL, Power BI, DAX, Spark, Airflow",2026-04-16,We are a technology company focused on data analytics and AI solutions.,993435.0,Data Analyst,Bangalore,2026-04,Thursday,0,1,0,1,0,0,0,1,0,0,0,1,0,0,0,1,1,0,1,0,0,0,0,0,7
253,BI Developer,CloudSystems,Bangalore,326385,1698850,Hybrid,Senior,10-50,"Excel, Docker, Machine Learning, DAX",2026-04-12,We are a technology company focused on data analytics and AI solutions.,1012617.5,Bi Developer,Bangalore,2026-04,Sunday,0,0,1,0,0,1,0,0,0,0,0,1,0,1,0,0,0,0,1,0,0,0,0,0,5
256,Product Analyst,Analytics Pro,Pune,580783,1029104,Remote,Mid,200-500,"Google Cloud, TensorFlow, AWS, Python",2026-05-11,We are a technology company focused on data analytics and AI solutions.,804943.5,Product Analyst,Pune,2026-05,Monday,1,0,0,0,0,0,1,0,1,0,1,1,0,0,0,0,0,0,0,0,0,0,0,0,5
257,Business Analyst,Analytics Pro,Mumbai,385530,1642186,Onsite,Entry,50-200,"Machine Learning, Kubernetes, Excel, AWS",2026-03-24,We are a technology company focused on data analytics and AI solutions.,1013858.0,Business Analyst,Mumbai,2026-03,Tuesday,0,0,1,0,0,1,0,0,1,0,0,1,0,0,1,0,0,0,0,0,0,0,0,0,5
258,ML Engineer,SmartAnalytics,Bangalore,530983,993510,Remote,Entry,10-50,"AWS, Hadoop, PyTorch, Power BI",2026-05-02,We are a technology company focused on data analytics and AI solutions.,762246.5,Ml Engineer,Bangalore,2026-05,Saturday,0,0,0,1,0,0,0,1,1,0,0,1,0,0,0,0,0,1,0,0,0,0,0,0,5
260,Senior Data Analyst,ProductCo,Mumbai,732557,1254162,Remote,Senior,50-200,"Visualization, Hadoop, TensorFlow, Tableau, Python, Power BI",2026-03-19,We are a technology company focused on data analytics and AI solutions.,993359.5,Senior Data Analyst,Mumbai,2026-03,Thursday,1,0,0,1,1,0,1,0,0,0,0,1,0,0,0,0,0,1,0,1,0,0,0,0,7
261,ML Engineer,DataFlow,Mumbai,677816,1624899,Remote,Senior,200-500,"TensorFlow, Spark, DAX, JavaScript, Python",2026-04-11,We are a technology company focused on data analytics and AI solutions.,1151357.5,Ml Engineer,Mumbai,2026-04,Saturday,1,0,0,0,0,0,1,0,0,0,0,1,1,0,0,0,1,0,1,0,0,0,0,0,6
262,Business Analyst,InfoTech,Bangalore,698992,1735129,Onsite,Mid,200-500,"Kubernetes, DAX, SQL, Google Cloud",2026-04-12,We are a technology company focused on data analytics and AI solutions.,1217060.5,Business Analyst,Bangalore,2026-04,Sunday,0,1,0,0,0,0,0,0,0,0,1,1,0,0,1,0,0,0,1,0,0,0,0,0,5
264,Business Analyst,DataFlow,Delhi,762132,1879583,Remote,Mid,50-200,"Hadoop, Docker, R, Visualization, JavaScript, Kubernetes",2026-03-18,We are a technology company focused on data analytics and AI solutions.,1320857.5,Business Analyst,Delhi,2026-03,Wednesday,0,0,0,0,0,0,0,0,0,0,0,1,1,1,1,0,0,1,0,1,0,0,0,0,6
265,Business Analyst,StartupXYZ,Hyderabad,701927,1808806,Onsite,Mid,50-200,"AWS, TensorFlow, R",2026-03-18,We are a technology company focused on data analytics and AI solutions.,1255366.5,Business Analyst,Hyderabad,2026-03,Wednesday,0,0,0,0,0,0,1,0,1,0,0,1,0,0,0,0,0,0,0,0,0,0,0,0,3
266,ML Engineer,Finance Inc,Bangalore,505390,1494892,Onsite,Entry,50-200,"Python, SQL, PyTorch, Azure, Airflow",2026-03-16,We are a technology company focused on data analytics and AI solutions.,1000141.0,Ml Engineer,Bangalore,2026-03,Monday,1,1,0,0,0,0,0,1,0,1,0,1,0,0,0,1,0,0,0,0,0,0,0,0,6
267,Research Analyst,Finance Inc,Hyderabad,645114,1860899,Onsite,Mid,500+,"Excel, TensorFlow, PyTorch, Visualization, SQL, Docker",2026-04-16,We are a technology company focused on data analytics and AI solutions.,1253006.5,Research Analyst,Hyderabad,2026-04,Thursday,0,1,1,0,0,0,1,1,0,0,0,1,0,1,0,0,0,0,0,1,0,0,0,0,7
268,ML Engineer,StartupXYZ,Delhi,543373,1697767,Remote,Lead,500+,"Docker, TensorFlow, PyTorch, Excel, Power BI",2026-04-05,We are a technology company focused on data analytics and AI solutions.,1120570.0,Ml Engineer,Delhi,2026-04,Sunday,0,0,1,1,0,0,1,1,0,0,0,1,0,1,0,0,0,0,0,0,0,0,0,0,6
269,BI Developer,TechVision,Bangalore,647697,1960932,Hybrid,Mid,10-50,"Azure, Spark, AWS, Visualization, Docker, Machine Learning",2026-03-31,We are a technology company focused on data analytics and AI solutions.,1304314.5,Bi Developer,Bangalore,2026-03,Tuesday,0,0,0,0,0,1,0,0,1,1,0,1,0,1,0,0,1,0,0,1,0,0,0,0,7
270,Data Analyst,AI Solutions,Chennai,461779,1435232,Onsite,Mid,10-50,"Airflow, SQL, Tableau",2026-05-03,We are a technology company focused on data analytics and AI solutions.,948505.5,Data Analyst,Chennai,2026-05,Sunday,0,1,0,0,1,0,0,0,0,0,0,1,0,0,0,1,0,0,0,0,0,0,0,0,4
272,Research Analyst,TechVision,Pune,492860,1355655,Remote,Entry,200-500,"JavaScript, Tableau, Spark",2026-05-14,We are a technology company focused on data analytics and AI solutions.,924257.5,Research Analyst,Pune,2026-05,Thursday,0,0,0,0,1,0,0,0,0,0,0,1,1,0,0,0,1,0,0,0,0,0,0,0,4
275,Data Analyst,SmartAnalytics,Pune,538260,868008,Onsite,Mid,50-200,"Hadoop, Excel, Kubernetes, Machine Learning, PyTorch, Python",2026-05-22,We are a technology company focused on data analytics and AI solutions.,703134.0,Data Analyst,Pune,2026-05,Friday,1,0,1,0,0,1,0,1,0,0,0,1,0,0,1,0,0,1,0,0,0,0,0,0,7
276,Senior Data Analyst,SmartAnalytics,Bangalore,698871,1177539,Hybrid,Mid,200-500,"JavaScript, Machine Learning, Power BI, SQL, R, TensorFlow",2026-05-11,We are a technology company focused on data analytics and AI solutions.,938205.0,Senior Data Analyst,Bangalore,2026-05,Monday,0,1,0,1,0,1,1,0,0,0,0,1,1,0,0,0,0,0,0,0,0,0,0,0,6
277,Marketing Analyst,Tech Corp,Mumbai,607003,916492,Hybrid,Mid,200-500,"Power BI, Airflow, Tableau, Machine Learning, JavaScript, R",2026-05-05,We are a technology company focused on data analytics and AI solutions.,761747.5,Marketing Analyst,Mumbai,2026-05,Tuesday,0,0,0,1,1,1,0,0,0,0,0,1,1,0,0,1,0,0,0,0,0,0,0,0,6
278,BI Developer,DataFlow,Bangalore,746841,872240,Remote,Entry,50-200,"Google Cloud, Machine Learning, Excel",2026-06-02,We are a technology company focused on data analytics and AI solutions.,809540.5,Bi Developer,Bangalore,2026-06,Tuesday,0,0,1,0,0,1,0,0,0,0,1,1,0,0,0,0,0,0,0,0,0,0,0,0,4
279,BI Developer,ProductCo,Hyderabad,614242,1786753,Hybrid,Mid,10-50,"Excel, JavaScript, TensorFlow",2026-03-13,We are a technology company focused on data analytics and AI solutions.,1200497.5,Bi Developer,Hyderabad,2026-03,Friday,0,0,1,0,0,0,1,0,0,0,0,1,1,0,0,0,0,0,0,0,0,0,0,0,4
280,Data Scientist,ProductCo,Bangalore,446323,1525947,Onsite,Entry,50-200,"PyTorch, Machine Learning, DAX, Python, Power BI, Google Cloud",2026-05-10,We are a technology company focused on data analytics and AI solutions.,986135.0,Data Scientist,Bangalore,2026-05,Sunday,1,0,0,1,0,1,0,1,0,0,1,1,0,0,0,0,0,0,1,0,0,0,0,0,7
281,Research Analyst,Finance Inc,Mumbai,422413,1072900,Hybrid,Senior,50-200,"Kubernetes, Power BI, Tableau, TensorFlow, Docker",2026-04-15,We are a technology company focused on data analytics and AI solutions.,747656.5,Research Analyst,Mumbai,2026-04,Wednesday,0,0,0,1,1,0,1,0,0,0,0,1,0,1,1,0,0,0,0,0,0,0,0,0,6
282,Data Analyst Junior,ResearchLab,Bangalore,562670,1261227,Onsite,Senior,50-200,"DAX, Visualization, R, SQL",2026-05-21,We are a technology company focused on data analytics and AI solutions.,911948.5,Data Analyst Junior,Bangalore,2026-05,Thursday,0,1,0,0,0,0,0,0,0,0,0,1,0,0,0,0,0,0,1,1,0,0,0,0,4
283,Business Analyst,TechVision,Mumbai,630904,935327,Onsite,Senior,500+,"PyTorch, Google Cloud, Azure, TensorFlow, Airflow",2026-05-29,We are a technology company focused on data analytics and AI solutions.,783115.5,Business Analyst,Mumbai,2026-05,Friday,0,0,0,0,0,0,1,1,0,1,1,1,0,0,0,1,0,0,0,0,0,0,0,0,6
284,Research Analyst,InfoTech,Chennai,347837,1449991,Remote,Mid,50-200,"Power BI, Hadoop, Visualization, Python, TensorFlow, Spark",2026-03-20,We are a technology company focused on data analytics and AI solutions.,898914.0,Research Analyst,Chennai,2026-03,Friday,1,0,0,1,0,0,1,0,0,0,0,1,0,0,0,0,1,1,0,1,0,0,0,0,7
287,BI Developer,MegaCorp,Pune,328541,1843445,Onsite,Senior,200-500,"Airflow, DAX, JavaScript, Visualization, Python",2026-05-05,We are a technology company focused on data analytics and AI solutions.,1085993.0,Bi Developer,Pune,2026-05,Tuesday,1,0,0,0,0,0,0,0,0,0,0,1,1,0,0,1,0,0,1,1,0,0,0,0,6
289,Marketing Analyst,Digital Solutions,Mumbai,744243,1029189,Hybrid,Mid,10-50,"Power BI, Tableau, Visualization, Spark, SQL, PyTorch",2026-04-27,We are a technology company focused on data analytics and AI solutions.,886716.0,Marketing Analyst,Mumbai,2026-04,Monday,0,1,0,1,1,0,0,1,0,0,0,1,0,0,0,0,1,0,0,1,0,0,0,0,7
290,Data Analyst,MegaCorp,Pune,334531,1198465,Onsite,Entry,10-50,"Azure, DAX, Excel, R, AWS, JavaScript",2026-04-07,We are a technology company focused on data analytics and AI solutions.,766498.0,Data Analyst,Pune,2026-04,Tuesday,0,0,1,0,0,0,0,0,1,1,0,1,1,0,0,0,0,0,1,0,0,0,0,0,6
291,Data Scientist,Digital Solutions,Gurgaon,570856,1051051,Hybrid,Entry,50-200,"R, SQL, Hadoop, Excel",2026-04-24,We are a technology company focused on data analytics and AI solutions.,810953.5,Data Scientist,Gurgaon,2026-04,Friday,0,1,1,0,0,0,0,0,0,0,0,1,0,0,0,0,0,1,0,0,0,0,0,0,4
292,Data Analyst,DataFlow,Gurgaon,666245,1736705,Onsite,Mid,10-50,"PyTorch, Google Cloud, Visualization, Excel, Machine Learning, R",2026-04-08,We are a technology company focused on data analytics and AI solutions.,1201475.0,Data Analyst,Gurgaon,2026-04,Wednesday,0,0,1,0,0,1,0,1,0,0,1,1,0,0,0,0,0,0,0,1,0,0,0,0,6
293,Marketing Analyst,MegaCorp,Hyderabad,627599,1449829,Hybrid,Entry,200-500,"Excel, SQL, Power BI",2026-04-29,We are a technology company focused on data analytics and AI solutions.,1038714.0,Marketing Analyst,Hyderabad,2026-04,Wednesday,0,1,1,1,0,0,0,0,0,0,0,1,0,0,0,0,0,0,0,0,0,0,0,0,4
296,Senior Data Analyst,StartupXYZ,Hyderabad,429749,1071830,Onsite,Entry,50-200,"Hadoop, SQL, Machine Learning, Airflow, Python, PyTorch",2026-03-08,We are a technology company focused on data analytics and AI solutions.,750789.5,Senior Data Analyst,Hyderabad,2026-03,Sunday,1,1,0,0,0,1,0,1,0,0,0,1,0,0,0,1,0,1,0,0,0,0,0,0,7
297,Research Analyst,CloudSystems,Mumbai,567253,1115507,Remote,Mid,50-200,"PyTorch, SQL, TensorFlow, Airflow, Visualization, Azure",2026-03-18,We are a technology company focused on data analytics and AI solutions.,841380.0,Research Analyst,Mumbai,2026-03,Wednesday,0,1,0,0,0,0,1,1,0,1,0,1,0,0,0,1,0,0,0,1,0,0,0,0,7
298,BI Developer,MegaCorp,Delhi,611412,1159687,Onsite,Entry,200-500,"R, Excel, Hadoop",2026-03-24,We are a technology company focused on data analytics and AI solutions.,885549.5,Bi Developer,Delhi,2026-03,Tuesday,0,0,1,0,0,0,0,0,0,0,0,1,0,0,0,0,0,1,0,0,0,0,0,0,3
299,BI Developer,CloudSystems,Pune,531809,1254179,Onsite,Entry,10-50,"Hadoop, Docker, JavaScript, DAX, Tableau",2026-05-21,We are a technology company focused on data analytics and AI solutions.,892994.0,Bi Developer,Pune,2026-05,Thursday,0,0,0,0,1,0,0,0,0,0,0,1,1,1,0,0,0,1,1,0,0,0,0,0,6
300,Business Analyst,Digital Solutions,Hyderabad,616759,1830596,Remote,Senior,50-200,"AWS, Machine Learning, Power BI, Kubernetes, Azure",2026-05-04,We are a technology company focused on data analytics and AI solutions.,1223677.5,Business Analyst,Hyderabad,2026-05,Monday,0,0,0,1,0,1,0,0,1,1,0,1,0,0,1,0,0,0,0,0,0,0,0,0,6
301,Business Analyst,AI Solutions,Chennai,382503,842828,Onsite,Entry,200-500,"JavaScript, Azure, PyTorch",2026-03-30,We are a technology company focused on data analytics and AI solutions.,612665.5,Business Analyst,Chennai,2026-03,Monday,0,0,0,0,0,0,0,1,0,1,0,1,1,0,0,0,0,0,0,0,0,0,0,0,4
302,Business Analyst,Digital Solutions,Mumbai,554346,1635036,Remote,Senior,200-500,"TensorFlow, Docker, Kubernetes, Machine Learning, AWS",2026-03-28,We are a technology company focused on data analytics and AI solutions.,1094691.0,Business Analyst,Mumbai,2026-03,Saturday,0,0,0,0,0,1,1,0,1,0,0,1,0,1,1,0,0,0,0,0,0,0,0,0,6
303,ML Engineer,Digital Solutions,Delhi,722975,1072670,Remote,Entry,10-50,"Machine Learning, Hadoop, Docker, Power BI, AWS, Google Cloud",2026-03-31,We are a technology company focused on data analytics and AI solutions.,897822.5,Ml Engineer,Delhi,2026-03,Tuesday,0,0,0,1,0,1,0,0,1,0,1,1,0,1,0,0,0,1,0,0,0,0,0,0,7
305,Product Analyst,TechVision,Mumbai,491184,1091126,Onsite,Senior,10-50,"Azure, SQL, PyTorch, Tableau, Docker",2026-03-12,We are a technology company focused on data analytics and AI solutions.,791155.0,Product Analyst,Mumbai,2026-03,Thursday,0,1,0,0,1,0,0,1,0,1,0,1,0,1,0,0,0,0,0,0,0,0,0,0,6
306,Analytics Manager,StartupXYZ,Bangalore,402471,1586639,Hybrid,Mid,10-50,"Hadoop, Google Cloud, SQL, Power BI, AWS, Kubernetes",2026-03-18,We are a technology company focused on data analytics and AI solutions.,994555.0,Analytics Manager,Bangalore,2026-03,Wednesday,0,1,0,1,0,0,0,0,1,0,1,1,0,0,1,0,0,1,0,0,0,0,0,0,7
307,Data Analyst,InfoTech,Pune,554225,1554296,Remote,Entry,500+,"TensorFlow, PyTorch, Hadoop",2026-04-25,We are a technology company focused on data analytics and AI solutions.,1054260.5,Data Analyst,Pune,2026-04,Saturday,0,0,0,0,0,0,1,1,0,0,0,1,0,0,0,0,0,1,0,0,0,0,0,0,4
308,Analytics Manager,ProductCo,Bangalore,457661,924982,Hybrid,Mid,200-500,"AWS, Airflow, DAX, Machine Learning, Power BI, Google Cloud",2026-05-10,We are a technology company focused on data analytics and AI solutions.,691321.5,Analytics Manager,Bangalore,2026-05,Sunday,0,0,0,1,0,1,0,0,1,0,1,1,0,0,0,1,0,0,1,0,0,0,0,0,7
310,Senior Data Analyst,Tech Corp,Pune,460081,1108623,Remote,Senior,10-50,"Power BI, Spark, TensorFlow, Google Cloud, Tableau",2026-06-01,We are a technology company focused on data analytics and AI solutions.,784352.0,Senior Data Analyst,Pune,2026-06,Monday,0,0,0,1,1,0,1,0,0,0,1,1,0,0,0,0,1,0,0,0,0,0,0,0,6
311,Data Analyst,TechVision,Bangalore,645453,1999751,Onsite,Mid,10-50,"Google Cloud, DAX, PyTorch, Azure",2026-03-27,We are a technology company focused on data analytics and AI solutions.,1322602.0,Data Analyst,Bangalore,2026-03,Friday,0,0,0,0,0,0,0,1,0,1,1,1,0,0,0,0,0,0,1,0,0,0,0,0,5
313,ML Engineer,DataFlow,Bangalore,493118,1990402,Hybrid,Senior,10-50,"SQL, Airflow, R, TensorFlow, Kubernetes, Hadoop",2026-04-25,We are a technology company focused on data analytics and AI solutions.,1241760.0,Ml Engineer,Bangalore,2026-04,Saturday,0,1,0,0,0,0,1,0,0,0,0,1,0,0,1,1,0,1,0,0,0,0,0,0,6
314,Product Analyst,StartupXYZ,Pune,668805,1667869,Onsite,Mid,10-50,"Spark, TensorFlow, AWS, Hadoop, JavaScript, Tableau",2026-04-27,We are a technology company focused on data analytics and AI solutions.,1168337.0,Product Analyst,Pune,2026-04,Monday,0,0,0,0,1,0,1,0,1,0,0,1,1,0,0,0,1,1,0,0,0,0,0,0,7
315,Analytics Manager,Analytics Pro,Hyderabad,457215,1947116,Hybrid,Senior,50-200,"Power BI, Azure, Hadoop",2026-04-27,We are a technology company focused on data analytics and AI solutions.,1202165.5,Analytics Manager,Hyderabad,2026-04,Monday,0,0,0,1,0,0,0,0,0,1,0,1,0,0,0,0,0,1,0,0,0,0,0,0,4
316,ML Engineer,Digital Solutions,Kolkata,306154,1659414,Onsite,Mid,200-500,"Power BI, JavaScript, Google Cloud, Airflow",2026-03-28,We are a technology company focused on data analytics and AI solutions.,982784.0,Ml Engineer,Kolkata,2026-03,Saturday,0,0,0,1,0,0,0,0,0,0,1,1,1,0,0,1,0,0,0,0,0,0,0,0,5
317,Business Analyst,Analytics Pro,Delhi,452876,986994,Hybrid,Lead,200-500,"Spark, SQL, Azure",2026-05-28,We are a technology company focused on data analytics and AI solutions.,719935.0,Business Analyst,Delhi,2026-05,Thursday,0,1,0,0,0,0,0,0,0,1,0,1,0,0,0,0,1,0,0,0,0,0,0,0,4
318,BI Developer,Analytics Pro,Hyderabad,734904,1110375,Hybrid,Entry,200-500,"Hadoop, Spark, Kubernetes, Docker",2026-05-05,We are a technology company focused on data analytics and AI solutions.,922639.5,Bi Developer,Hyderabad,2026-05,Tuesday,0,0,0,0,0,0,0,0,0,0,0,1,0,1,1,0,1,1,0,0,0,0,0,0,5
319,Business Analyst,DataFirst,Mumbai,364288,829301,Remote,Mid,10-50,"Excel, Spark, Docker, Hadoop, PyTorch",2026-05-16,We are a technology company focused on data analytics and AI solutions.,596794.5,Business Analyst,Mumbai,2026-05,Saturday,0,0,1,0,0,0,0,1,0,0,0,1,0,1,0,0,1,1,0,0,0,0,0,0,6
320,BI Developer,Finance Inc,Kolkata,351195,1844327,Onsite,Mid,500+,"Excel, Docker, SQL, Airflow, Machine Learning",2026-04-30,We are a technology company focused on data analytics and AI solutions.,1097761.0,Bi Developer,Kolkata,2026-04,Thursday,0,1,1,0,0,1,0,0,0,0,0,1,0,1,0,1,0,0,0,0,0,0,0,0,6
323,Data Scientist,AI Solutions,Bangalore,592231,1815416,Remote,Senior,200-500,"Spark, TensorFlow, JavaScript, SQL, Machine Learning",2026-03-18,We are a technology company focused on data analytics and AI solutions.,1203823.5,Data Scientist,Bangalore,2026-03,Wednesday,0,1,0,0,0,1,1,0,0,0,0,1,1,0,0,0,1,0,0,0,0,0,0,0,6
324,Product Analyst,Finance Inc,Bangalore,481002,1537565,Hybrid,Entry,500+,"Python, R, Spark, Visualization",2026-04-27,We are a technology company focused on data analytics and AI solutions.,1009283.5,Product Analyst,Bangalore,2026-04,Monday,1,0,0,0,0,0,0,0,0,0,0,1,0,0,0,0,1,0,0,1,0,0,0,0,4
325,Business Analyst,DataFlow,Delhi,464053,1468755,Hybrid,Entry,50-200,"AWS, Google Cloud, Docker",2026-05-25,We are a technology company focused on data analytics and AI solutions.,966404.0,Business Analyst,Delhi,2026-05,Monday,0,0,0,0,0,0,0,0,1,0,1,1,0,1,0,0,0,0,0,0,0,0,0,0,4
326,BI Developer,SmartAnalytics,Delhi,369298,1017029,Onsite,Senior,10-50,"Python, DAX, TensorFlow, R, Hadoop",2026-04-08,We are a technology company focused on data analytics and AI solutions.,693163.5,Bi Developer,Delhi,2026-04,Wednesday,1,0,0,0,0,0,1,0,0,0,0,1,0,0,0,0,0,1,1,0,0,0,0,0,5
328,Data Analyst,AI Solutions,Hyderabad,506376,1904849,Remote,Lead,200-500,"Spark, Power BI, Azure, Tableau",2026-03-18,We are a technology company focused on data analytics and AI solutions.,1205612.5,Data Analyst,Hyderabad,2026-03,Wednesday,0,0,0,1,1,0,0,0,0,1,0,1,0,0,0,0,1,0,0,0,0,0,0,0,5
330,Data Analyst,MegaCorp,Bangalore,339499,1177844,Remote,Lead,50-200,"Machine Learning, Kubernetes, SQL, TensorFlow, PyTorch",2026-05-19,We are a technology company focused on data analytics and AI solutions.,758671.5,Data Analyst,Bangalore,2026-05,Tuesday,0,1,0,0,0,1,1,1,0,0,0,1,0,0,1,0,0,0,0,0,0,0,0,0,6
331,Data Engineer,DataFirst,Hyderabad,687960,810699,Onsite,Senior,10-50,"Google Cloud, Machine Learning, PyTorch, Power BI, Hadoop",2026-05-14,We are a technology company focused on data analytics and AI solutions.,749329.5,Data Engineer,Hyderabad,2026-05,Thursday,0,0,0,1,0,1,0,1,0,0,1,1,0,0,0,0,0,1,0,0,0,0,0,0,6
332,ML Engineer,AI Solutions,Chennai,745485,1334003,Onsite,Entry,50-200,"Power BI, R, AWS",2026-05-29,We are a technology company focused on data analytics and AI solutions.,1039744.0,Ml Engineer,Chennai,2026-05,Friday,0,0,0,1,0,0,0,0,1,0,0,1,0,0,0,0,0,0,0,0,0,0,0,0,3
334,Analytics Manager,Analytics Pro,Delhi,545198,1318652,Onsite,Senior,50-200,"PyTorch, Tableau, Spark, Python, Machine Learning",2026-05-20,We are a technology company focused on data analytics and AI solutions.,931925.0,Analytics Manager,Delhi,2026-05,Wednesday,1,0,0,0,1,1,0,1,0,0,0,1,0,0,0,0,1,0,0,0,0,0,0,0,6
335,Research Analyst,DataFlow,Pune,767535,918413,Remote,Mid,50-200,"Tableau, Visualization, Excel, Kubernetes, R, Python",2026-06-01,We are a technology company focused on data analytics and AI solutions.,842974.0,Research Analyst,Pune,2026-06,Monday,1,0,1,0,1,0,0,0,0,0,0,1,0,0,1,0,0,0,0,1,0,0,0,0,6
336,Business Analyst,ResearchLab,Mumbai,542997,1973057,Hybrid,Entry,50-200,"Visualization, Python, Tableau",2026-04-22,We are a technology company focused on data analytics and AI solutions.,1258027.0,Business Analyst,Mumbai,2026-04,Wednesday,1,0,0,0,1,0,0,0,0,0,0,0,0,0,0,0,0,0,0,1,0,0,0,0,3
337,Data Analyst,MegaCorp,Pune,788533,1015400,Onsite,Mid,50-200,"Docker, R, Azure, PyTorch, Spark, Machine Learning",2026-04-18,We are a technology company focused on data analytics and AI solutions.,901966.5,Data Analyst,Pune,2026-04,Saturday,0,0,0,0,0,1,0,1,0,1,0,1,0,1,0,0,1,0,0,0,0,0,0,0,6
338,Data Analyst,Tech Corp,Bangalore,396347,1832532,Hybrid,Lead,500+,"PyTorch, Google Cloud, SQL, Machine Learning",2026-05-21,We are a technology company focused on data analytics and AI solutions.,1114439.5,Data Analyst,Bangalore,2026-05,Thursday,0,1,0,0,0,1,0,1,0,0,1,1,0,0,0,0,0,0,0,0,0,0,0,0,5
339,Marketing Analyst,ProductCo,Hyderabad,610931,1359873,Hybrid,Mid,200-500,"SQL, PyTorch, Tableau, Excel, Visualization",2026-03-30,We are a technology company focused on data analytics and AI solutions.,985402.0,Marketing Analyst,Hyderabad,2026-03,Monday,0,1,1,0,1,0,0,1,0,0,0,1,0,0,0,0,0,0,0,1,0,0,0,0,6
340,Senior Data Analyst,Tech Corp,Bangalore,597632,1192136,Hybrid,Mid,200-500,"AWS, SQL, JavaScript, Azure, R, Visualization",2026-05-06,We are a technology company focused on data analytics and AI solutions.,894884.0,Senior Data Analyst,Bangalore,2026-05,Wednesday,0,1,0,0,0,0,0,0,1,1,0,1,1,0,0,0,0,0,0,1,0,0,0,0,6
341,Business Analyst,AI Solutions,Bangalore,636585,1189954,Onsite,Mid,50-200,"Machine Learning, JavaScript, Google Cloud, R, DAX",2026-05-31,We are a technology company focused on data analytics and AI solutions.,913269.5,Business Analyst,Bangalore,2026-05,Sunday,0,0,0,0,0,1,0,0,0,0,1,1,1,0,0,0,0,0,1,0,0,0,0,0,5
342,Product Analyst,SmartAnalytics,Delhi,505735,838067,Remote,Entry,200-500,"Spark, DAX, Python, Hadoop, PyTorch",2026-05-09,We are a technology company focused on data analytics and AI solutions.,671901.0,Product Analyst,Delhi,2026-05,Saturday,1,0,0,0,0,0,0,1,0,0,0,1,0,0,0,0,1,1,1,0,0,0,0,0,6
343,Research Analyst,Tech Corp,Hyderabad,322431,818073,Remote,Mid,10-50,"Docker, SQL, Power BI",2026-05-23,We are a technology company focused on data analytics and AI solutions.,570252.0,Research Analyst,Hyderabad,2026-05,Saturday,0,1,0,1,0,0,0,0,0,0,0,1,0,1,0,0,0,0,0,0,0,0,0,0,4
344,Product Analyst,InfoTech,Hyderabad,623825,836035,Onsite,Mid,200-500,"TensorFlow, DAX, Power BI, Spark, Google Cloud, Docker",2026-06-02,We are a technology company focused on data analytics and AI solutions.,729930.0,Product Analyst,Hyderabad,2026-06,Tuesday,0,0,0,1,0,0,1,0,0,0,1,1,0,1,0,0,1,0,1,0,0,0,0,0,7
345,Product Analyst,DataFlow,Bangalore,494555,1033782,Onsite,Entry,50-200,"Machine Learning, Kubernetes, Excel, Spark, SQL",2026-05-18,We are a technology company focused on data analytics and AI solutions.,764168.5,Product Analyst,Bangalore,2026-05,Monday,0,1,1,0,0,1,0,0,0,0,0,1,0,0,1,0,1,0,0,0,0,0,0,0,6
346,Product Analyst,CloudSystems,Bangalore,422720,1414661,Remote,Senior,50-200,"Tableau, Kubernetes, Google Cloud, Python",2026-04-30,We are a technology company focused on data analytics and AI solutions.,918690.5,Product Analyst,Bangalore,2026-04,Thursday,1,0,0,0,1,0,0,0,0,0,1,1,0,0,1,0,0,0,0,0,0,0,0,0,5
347,Business Analyst,SmartAnalytics,Delhi,349153,1414805,Remote,Mid,200-500,"Google Cloud, Spark, R, DAX, Kubernetes",2026-05-25,We are a technology company focused on data analytics and AI solutions.,881979.0,Business Analyst,Delhi,2026-05,Monday,0,0,0,0,0,0,0,0,0,0,1,1,0,0,1,0,1,0,1,0,0,0,0,0,5
348,Product Analyst,TechVision,Bangalore,568512,1526331,Remote,Senior,500+,"Spark, Tableau, PyTorch, DAX",2026-03-10,We are a technology company focused on data analytics and AI solutions.,1047421.5,Product Analyst,Bangalore,2026-03,Tuesday,0,0,0,0,1,0,0,1,0,0,0,1,0,0,0,0,1,0,1,0,0,0,0,0,5
349,Analytics Manager,ProductCo,Mumbai,720640,861929,Remote,Senior,10-50,"TensorFlow, Hadoop, Airflow, SQL, Azure",2026-04-22,We are a technology company focused on data analytics and AI solutions.,791284.5,Analytics Manager,Mumbai,2026-04,Wednesday,0,1,0,0,0,0,1,0,0,1,0,1,0,0,0,1,0,1,0,0,0,0,0,0,6
352,Data Scientist,Tech Corp,Pune,777085,1467689,Hybrid,Mid,50-200,"R, Python, AWS, TensorFlow, Google Cloud",2026-04-30,We are a technology company focused on data analytics and AI solutions.,1122387.0,Data Scientist,Pune,2026-04,Thursday,1,0,0,0,0,0,1,0,1,0,1,1,0,0,0,0,0,0,0,0,0,0,0,0,5
353,Data Engineer,Analytics Pro,Bangalore,519724,1580965,Hybrid,Senior,10-50,"Python, Airflow, Hadoop, Machine Learning, JavaScript, Tableau",2026-03-11,We are a technology company focused on data analytics and AI solutions.,1050344.5,Data Engineer,Bangalore,2026-03,Wednesday,1,0,0,0,1,1,0,0,0,0,0,1,1,0,0,1,0,1,0,0,0,0,0,0,7
354,Data Analyst,Tech Corp,Delhi,674899,1087313,Hybrid,Entry,50-200,"R, PyTorch, Kubernetes, DAX",2026-03-11,We are a technology company focused on data analytics and AI solutions.,881106.0,Data Analyst,Delhi,2026-03,Wednesday,0,0,0,0,0,0,0,1,0,0,0,1,0,0,1,0,0,0,1,0,0,0,0,0,4
355,Marketing Analyst,AI Solutions,Bangalore,356985,887468,Onsite,Mid,50-200,"PyTorch, TensorFlow, Kubernetes, Azure, Python, Spark",2026-03-11,We are a technology company focused on data analytics and AI solutions.,622226.5,Marketing Analyst,Bangalore,2026-03,Wednesday,1,0,0,0,0,0,1,1,0,1,0,1,0,0,1,0,1,0,0,0,0,0,0,0,7
356,Data Analyst,TechVision,Bangalore,612213,1883170,Hybrid,Mid,10-50,"Kubernetes, Google Cloud, TensorFlow, Power BI",2026-04-05,We are a technology company focused on data analytics and AI solutions.,1247691.5,Data Analyst,Bangalore,2026-04,Sunday,0,0,0,1,0,0,1,0,0,0,1,1,0,0,1,0,0,0,0,0,0,0,0,0,5
359,Business Analyst,Tech Corp,Hyderabad,512133,1790669,Remote,Mid,10-50,"Power BI, Excel, Docker",2026-03-23,We are a technology company focused on data analytics and AI solutions.,1151401.0,Business Analyst,Hyderabad,2026-03,Monday,0,0,1,1,0,0,0,0,0,0,0,1,0,1,0,0,0,0,0,0,0,0,0,0,4
360,ML Engineer,DataFlow,Delhi,454470,1922437,Hybrid,Senior,200-500,"Spark, Power BI, DAX, Kubernetes, Visualization, TensorFlow",2026-05-17,We are a technology company focused on data analytics and AI solutions.,1188453.5,Ml Engineer,Delhi,2026-05,Sunday,0,0,0,1,0,0,1,0,0,0,0,1,0,0,1,0,1,0,1,1,0,0,0,0,7
361,Business Analyst,ResearchLab,Hyderabad,529465,1507650,Remote,Mid,50-200,"Kubernetes, PyTorch, DAX, AWS, JavaScript, Google Cloud",2026-05-14,We are a technology company focused on data analytics and AI solutions.,1018557.5,Business Analyst,Hyderabad,2026-05,Thursday,0,0,0,0,0,0,0,1,1,0,1,1,1,0,1,0,0,0,1,0,0,0,0,0,7
362,Data Analyst,ProductCo,Pune,350861,1093894,Hybrid,Mid,200-500,"Visualization, Airflow, JavaScript, Docker, Python",2026-03-24,We are a technology company focused on data analytics and AI solutions.,722377.5,Data Analyst,Pune,2026-03,Tuesday,1,0,0,0,0,0,0,0,0,0,0,1,1,1,0,1,0,0,0,1,0,0,0,0,6
363,Data Analyst,Digital Solutions,Bangalore,638041,1926798,Remote,Mid,50-200,"Google Cloud, Machine Learning, Python, DAX, Visualization, AWS",2026-03-22,We are a technology company focused on data analytics and AI solutions.,1282419.5,Data Analyst,Bangalore,2026-03,Sunday,1,0,0,0,0,1,0,0,1,0,1,1,0,0,0,0,0,0,1,1,0,0,0,0,7
364,Marketing Analyst,Tech Corp,Chennai,512977,1436308,Remote,Senior,10-50,"R, Kubernetes, JavaScript, Python",2026-04-14,We are a technology company focused on data analytics and AI solutions.,974642.5,Marketing Analyst,Chennai,2026-04,Tuesday,1,0,0,0,0,0,0,0,0,0,0,1,1,0,1,0,0,0,0,0,0,0,0,0,4
365,Marketing Analyst,DataFlow,Delhi,427118,1593153,Onsite,Entry,10-50,"Machine Learning, R, Hadoop, Visualization, DAX, SQL",2026-04-24,We are a technology company focused on data analytics and AI solutions.,1010135.5,Marketing Analyst,Delhi,2026-04,Friday,0,1,0,0,0,1,0,0,0,0,0,1,0,0,0,0,0,1,1,1,0,0,0,0,6
366,Data Engineer,SmartAnalytics,Mumbai,630721,1344897,Remote,Senior,10-50,"Excel, PyTorch, Hadoop, Python, Spark, Visualization",2026-05-11,We are a technology company focused on data analytics and AI solutions.,987809.0,Data Engineer,Mumbai,2026-05,Monday,1,0,1,0,0,0,0,1,0,0,0,1,0,0,0,0,1,1,0,1,0,0,0,0,7
367,Product Analyst,DataFlow,Gurgaon,496713,904211,Onsite,Entry,10-50,"Docker, Hadoop, Power BI, Google Cloud, DAX, Kubernetes",2026-05-11,We are a technology company focused on data analytics and AI solutions.,700462.0,Product Analyst,Gurgaon,2026-05,Monday,0,0,0,1,0,0,0,0,0,0,1,1,0,1,1,0,0,1,1,0,0,0,0,0,7
368,Business Analyst,ProductCo,Bangalore,309078,1287689,Remote,Mid,200-500,"DAX, Google Cloud, Tableau, SQL, PyTorch",2026-04-27,We are a technology company focused on data analytics and AI solutions.,798383.5,Business Analyst,Bangalore,2026-04,Monday,0,1,0,0,1,0,0,1,0,0,1,1,0,0,0,0,0,0,1,0,0,0,0,0,6
370,BI Developer,DataFlow,Hyderabad,624912,1660952,Hybrid,Entry,200-500,"DAX, Docker, Hadoop",2026-04-08,We are a technology company focused on data analytics and AI solutions.,1142932.0,Bi Developer,Hyderabad,2026-04,Wednesday,0,0,0,0,0,0,0,0,0,0,0,1,0,1,0,0,0,1,1,0,0,0,0,0,4
371,Data Engineer,ResearchLab,Bangalore,351047,1650741,Hybrid,Mid,200-500,"TensorFlow, Excel, SQL, Azure, Kubernetes, Docker",2026-04-06,We are a technology company focused on data analytics and AI solutions.,1000894.0,Data Engineer,Bangalore,2026-04,Monday,0,1,1,0,0,0,1,0,0,1,0,1,0,1,1,0,0,0,0,0,0,0,0,0,7
373,Data Analyst,DataFlow,Mumbai,619804,1854477,Remote,Senior,50-200,"Kubernetes, Google Cloud, Airflow, SQL, Tableau",2026-03-21,We are a technology company focused on data analytics and AI solutions.,1237140.5,Data Analyst,Mumbai,2026-03,Saturday,0,1,0,0,1,0,0,0,0,0,1,1,0,0,1,1,0,0,0,0,0,0,0,0,6
374,Data Engineer,DataFlow,Hyderabad,535458,962624,Remote,Entry,50-200,"Excel, Python, Spark, R, Visualization, Azure",2026-03-14,We are a technology company focused on data analytics and AI solutions.,749041.0,Data Engineer,Hyderabad,2026-03,Saturday,1,0,1,0,0,0,0,0,0,1,0,1,0,0,0,0,1,0,0,1,0,0,0,0,6
375,Business Analyst,CloudSystems,Pune,743002,1493045,Remote,Mid,10-50,"Azure, Airflow, Kubernetes",2026-05-12,We are a technology company focused on data analytics and AI solutions.,1118023.5,Business Analyst,Pune,2026-05,Tuesday,0,0,0,0,0,0,0,0,0,1,0,1,0,0,1,1,0,0,0,0,0,0,0,0,4
376,Marketing Analyst,CloudSystems,Pune,695141,1791469,Hybrid,Mid,50-200,"SQL, DAX, Spark, Python, Kubernetes",2026-03-10,We are a technology company focused on data analytics and AI solutions.,1243305.0,Marketing Analyst,Pune,2026-03,Tuesday,1,1,0,0,0,0,0,0,0,0,0,1,0,0,1,0,1,0,1,0,0,0,0,0,6
377,Data Analyst,Finance Inc,Gurgaon,515048,945788,Onsite,Entry,50-200,"Kubernetes, TensorFlow, Machine Learning, Hadoop, Azure",2026-04-22,We are a technology company focused on data analytics and AI solutions.,730418.0,Data Analyst,Gurgaon,2026-04,Wednesday,0,0,0,0,0,1,1,0,0,1,0,1,0,0,1,0,0,1,0,0,0,0,0,0,6
378,ML Engineer,Tech Corp,Hyderabad,536293,1438387,Onsite,Entry,50-200,"Power BI, Tableau, Machine Learning, Google Cloud",2026-03-14,We are a technology company focused on data analytics and AI solutions.,987340.0,Ml Engineer,Hyderabad,2026-03,Saturday,0,0,0,1,1,1,0,0,0,0,1,1,0,0,0,0,0,0,0,0,0,0,0,0,5
379,Data Engineer,DataFlow,Mumbai,417832,1335426,Onsite,Mid,50-200,"Azure, Visualization, DAX, AWS, SQL, Power BI",2026-04-25,We are a technology company focused on data analytics and AI solutions.,876629.0,Data Engineer,Mumbai,2026-04,Saturday,0,1,0,1,0,0,0,0,1,1,0,1,0,0,0,0,0,0,1,1,0,0,0,0,7
380,Research Analyst,DataFirst,Bangalore,692550,1490658,Onsite,Mid,200-500,"Excel, Docker, Machine Learning, Hadoop, SQL, Visualization",2026-04-18,We are a technology company focused on data analytics and AI solutions.,1091604.0,Research Analyst,Bangalore,2026-04,Saturday,0,1,1,0,0,1,0,0,0,0,0,1,0,1,0,0,0,1,0,1,0,0,0,0,7
381,Data Analyst,TechVision,Bangalore,425150,1768616,Hybrid,Mid,200-500,"Spark, Google Cloud, R",2026-04-24,We are a technology company focused on data analytics and AI solutions.,1096883.0,Data Analyst,Bangalore,2026-04,Friday,0,0,0,0,0,0,0,0,0,0,1,1,0,0,0,0,1,0,0,0,0,0,0,0,3
382,Business Analyst,DataFirst,Bangalore,457087,823429,Remote,Mid,50-200,"JavaScript, Python, Hadoop, Airflow, Visualization",2026-04-18,We are a technology company focused on data analytics and AI solutions.,640258.0,Business Analyst,Bangalore,2026-04,Saturday,1,0,0,0,0,0,0,0,0,0,0,1,1,0,0,1,0,1,0,1,0,0,0,0,6
383,Data Scientist,Tech Corp,Bangalore,333320,1572577,Onsite,Mid,500+,"SQL, R, DAX",2026-05-15,We are a technology company focused on data analytics and AI solutions.,952948.5,Data Scientist,Bangalore,2026-05,Friday,0,1,0,0,0,0,0,0,0,0,0,1,0,0,0,0,0,0,1,0,0,0,0,0,3
384,BI Developer,Finance Inc,Delhi,627025,1687700,Hybrid,Entry,500+,"JavaScript, AWS, TensorFlow",2026-03-19,We are a technology company focused on data analytics and AI solutions.,1157362.5,Bi Developer,Delhi,2026-03,Thursday,0,0,0,0,0,0,1,0,1,0,0,1,1,0,0,0,0,0,0,0,0,0,0,0,4
385,Data Analyst Junior,Analytics Pro,Mumbai,390827,1865923,Hybrid,Mid,50-200,"SQL, AWS, PyTorch, Machine Learning, Spark",2026-03-31,We are a technology company focused on data analytics and AI solutions.,1128375.0,Data Analyst Junior,Mumbai,2026-03,Tuesday,0,1,0,0,0,1,0,1,1,0,0,1,0,0,0,0,1,0,0,0,0,0,0,0,6
386,Product Analyst,Analytics Pro,Bangalore,664359,1356110,Remote,Lead,50-200,"Python, Spark, Excel",2026-03-28,We are a technology company focused on data analytics and AI solutions.,1010234.5,Product Analyst,Bangalore,2026-03,Saturday,1,0,1,0,0,0,0,0,0,0,0,1,0,0,0,0,1,0,0,0,0,0,0,0,4
388,Business Analyst,DataFirst,Hyderabad,559931,1715387,Hybrid,Mid,500+,"SQL, Python, Azure, Google Cloud",2026-04-29,We are a technology company focused on data analytics and AI solutions.,1137659.0,Business Analyst,Hyderabad,2026-04,Wednesday,1,1,0,0,0,0,0,0,0,1,1,1,0,0,0,0,0,0,0,0,0,0,0,0,5
389,Analytics Manager,Tech Corp,Hyderabad,696605,807967,Onsite,Mid,500+,"R, SQL, Docker",2026-04-20,We are a technology company focused on data analytics and AI solutions.,752286.0,Analytics Manager,Hyderabad,2026-04,Monday,0,1,0,0,0,0,0,0,0,0,0,1,0,1,0,0,0,0,0,0,0,0,0,0,3
391,Data Scientist,MegaCorp,Hyderabad,706845,1352467,Hybrid,Senior,50-200,"Power BI, Tableau, Docker, R, Hadoop, DAX",2026-05-07,We are a technology company focused on data analytics and AI solutions.,1029656.0,Data Scientist,Hyderabad,2026-05,Thursday,0,0,0,1,1,0,0,0,0,0,0,1,0,1,0,0,0,1,1,0,0,0,0,0,6
392,Product Analyst,AI Solutions,Hyderabad,623694,1051537,Onsite,Mid,50-200,"Machine Learning, Hadoop, R",2026-05-09,We are a technology company focused on data analytics and AI solutions.,837615.5,Product Analyst,Hyderabad,2026-05,Saturday,0,0,0,0,0,1,0,0,0,0,0,1,0,0,0,0,0,1,0,0,0,0,0,0,3
393,Research Analyst,Digital Solutions,Bangalore,324826,1641531,Remote,Lead,50-200,"AWS, Hadoop, Python, TensorFlow, PyTorch, DAX",2026-05-12,We are a technology company focused on data analytics and AI solutions.,983178.5,Research Analyst,Bangalore,2026-05,Tuesday,1,0,0,0,0,0,1,1,1,0,0,1,0,0,0,0,0,1,1,0,0,0,0,0,7
399,Data Analyst,AI Solutions,Hyderabad,759651,1527506,Onsite,Entry,200-500,"Power BI, Azure, JavaScript, Python",2026-04-30,We are a technology company focused on data analytics and AI solutions.,1143578.5,Data Analyst,Hyderabad,2026-04,Thursday,1,0,0,1,0,0,0,0,0,1,0,1,1,0,0,0,0,0,0,0,0,0,0,0,5
401,Data Analyst,ProductCo,Delhi,459033,1050497,Onsite,Entry,200-500,"Azure, SQL, Visualization, Spark, Power BI",2026-04-12,We are a technology company focused on data analytics and AI solutions.,754765.0,Data Analyst,Delhi,2026-04,Sunday,0,1,0,1,0,0,0,0,0,1,0,1,0,0,0,0,1,0,0,1,0,0,0,0,6
402,BI Developer,Finance Inc,Mumbai,381941,1773181,Onsite,Senior,10-50,"Google Cloud, Python, Machine Learning",2026-04-27,We are a technology company focused on data analytics and AI solutions.,1077561.0,Bi Developer,Mumbai,2026-04,Monday,1,0,0,0,0,1,0,0,0,0,1,1,0,0,0,0,0,0,0,0,0,0,0,0,4
404,Product Analyst,AI Solutions,Delhi,595806,1501692,Remote,Mid,10-50,"Spark, Hadoop, Azure, Excel, AWS, Google Cloud",2026-04-22,We are a technology company focused on data analytics and AI solutions.,1048749.0,Product Analyst,Delhi,2026-04,Wednesday,0,0,1,0,0,0,0,0,1,1,1,1,0,0,0,0,1,1,0,0,0,0,0,0,7
405,Research Analyst,Digital Solutions,Mumbai,398818,1706295,Onsite,Mid,200-500,"Spark, Visualization, Google Cloud, JavaScript",2026-05-31,We are a technology company focused on data analytics and AI solutions.,1052556.5,Research Analyst,Mumbai,2026-05,Sunday,0,0,0,0,0,0,0,0,0,0,1,1,1,0,0,0,1,0,0,1,0,0,0,0,5
407,Research Analyst,ProductCo,Chennai,452360,1893512,Remote,Entry,10-50,"TensorFlow, Airflow, Docker",2026-03-28,We are a technology company focused on data analytics and AI solutions.,1172936.0,Research Analyst,Chennai,2026-03,Saturday,0,0,0,0,0,0,1,0,0,0,0,1,0,1,0,1,0,0,0,0,0,0,0,0,4
408,Data Analyst Junior,Digital Solutions,Mumbai,553627,1485154,Onsite,Mid,10-50,"R, SQL, Airflow, Python, Spark, Power BI",2026-04-20,We are a technology company focused on data analytics and AI solutions.,1019390.5,Data Analyst Junior,Mumbai,2026-04,Monday,1,1,0,1,0,0,0,0,0,0,0,1,0,0,0,1,1,0,0,0,0,0,0,0,6
409,Business Analyst,DataFlow,Delhi,395081,1025469,Remote,Lead,10-50,"Excel, Power BI, Airflow, PyTorch, Machine Learning",2026-03-16,We are a technology company focused on data analytics and AI solutions.,710275.0,Business Analyst,Delhi,2026-03,Monday,0,0,1,1,0,1,0,1,0,0,0,1,0,0,0,1,0,0,0,0,0,0,0,0,6
411,BI Developer,DataFirst,Mumbai,673706,937478,Remote,Entry,200-500,"Excel, Python, Tableau, Hadoop, R, Azure",2026-03-18,We are a technology company focused on data analytics and AI solutions.,805592.0,Bi Developer,Mumbai,2026-03,Wednesday,1,0,1,0,1,0,0,0,0,1,0,1,0,0,0,0,0,1,0,0,0,0,0,0,6
412,Analytics Manager,InfoTech,Hyderabad,708529,1945935,Onsite,Senior,50-200,"Hadoop, Power BI, PyTorch",2026-05-24,We are a technology company focused on data analytics and AI solutions.,1327232.0,Analytics Manager,Hyderabad,2026-05,Sunday,0,0,0,1,0,0,0,1,0,0,0,1,0,0,0,0,0,1,0,0,0,0,0,0,4
415,Research Analyst,SmartAnalytics,Mumbai,441398,1293158,Remote,Mid,10-50,"Power BI, SQL, Airflow",2026-03-10,We are a technology company focused on data analytics and AI solutions.,867278.0,Research Analyst,Mumbai,2026-03,Tuesday,0,1,0,1,0,0,0,0,0,0,0,1,0,0,0,1,0,0,0,0,0,0,0,0,4
416,BI Developer,SmartAnalytics,Bangalore,410091,823312,Remote,Mid,10-50,"Hadoop, Docker, JavaScript",2026-05-21,We are a technology company focused on data analytics and AI solutions.,616701.5,Bi Developer,Bangalore,2026-05,Thursday,0,0,0,0,0,0,0,0,0,0,0,1,1,1,0,0,0,1,0,0,0,0,0,0,4
417,ML Engineer,ResearchLab,Bangalore,432632,1760612,Hybrid,Mid,500+,"Docker, Machine Learning, Google Cloud, SQL, Visualization",2026-05-11,We are a technology company focused on data analytics and AI solutions.,1096622.0,Ml Engineer,Bangalore,2026-05,Monday,0,1,0,0,0,1,0,0,0,0,1,1,0,1,0,0,0,0,0,1,0,0,0,0,6
419,Data Analyst,DataFlow,Delhi,383186,1234995,Hybrid,Entry,50-200,"Tableau, Airflow, SQL",2026-04-26,We are a technology company focused on data analytics and AI solutions.,809090.5,Data Analyst,Delhi,2026-04,Sunday,0,1,0,0,1,0,0,0,0,0,0,1,0,0,0,1,0,0,0,0,0,0,0,0,4
421,Marketing Analyst,DataFirst,Hyderabad,462962,1643441,Remote,Mid,10-50,"Airflow, Kubernetes, Power BI, TensorFlow, DAX, Visualization",2026-04-22,We are a technology company focused on data analytics and AI solutions.,1053201.5,Marketing Analyst,Hyderabad,2026-04,Wednesday,0,0,0,1,0,0,1,0,0,0,0,1,0,0,1,1,0,0,1,1,0,0,0,0,7
422,Business Analyst,AI Solutions,Bangalore,451094,1235684,Onsite,Senior,50-200,"Spark, R, DAX, Hadoop, Power BI, JavaScript",2026-04-29,We are a technology company focused on data analytics and AI solutions.,843389.0,Business Analyst,Bangalore,2026-04,Wednesday,0,0,0,1,0,0,0,0,0,0,0,1,1,0,0,0,1,1,1,0,0,0,0,0,6
423,Research Analyst,InfoTech,Pune,685773,857022,Remote,Mid,200-500,"Azure, Docker, DAX, Spark",2026-04-26,We are a technology company focused on data analytics and AI solutions.,771397.5,Research Analyst,Pune,2026-04,Sunday,0,0,0,0,0,0,0,0,0,1,0,1,0,1,0,0,1,0,1,0,0,0,0,0,5
427,Research Analyst,Digital Solutions,Mumbai,328380,1158918,Hybrid,Senior,10-50,"R, Hadoop, SQL, Excel, Docker",2026-05-29,We are a technology company focused on data analytics and AI solutions.,743649.0,Research Analyst,Mumbai,2026-05,Friday,0,1,1,0,0,0,0,0,0,0,0,1,0,1,0,0,0,1,0,0,0,0,0,0,5
428,Product Analyst,AI Solutions,Mumbai,410198,1289626,Onsite,Lead,10-50,"DAX, TensorFlow, Machine Learning, Power BI",2026-04-09,We are a technology company focused on data analytics and AI solutions.,849912.0,Product Analyst,Mumbai,2026-04,Thursday,0,0,0,1,0,1,1,0,0,0,0,1,0,0,0,0,0,0,1,0,0,0,0,0,5
429,Business Analyst,ProductCo,Mumbai,564500,1088859,Remote,Mid,500+,"Spark, Docker, Machine Learning",2026-05-27,We are a technology company focused on data analytics and AI solutions.,826679.5,Business Analyst,Mumbai,2026-05,Wednesday,0,0,0,0,0,1,0,0,0,0,0,1,0,1,0,0,1,0,0,0,0,0,0,0,4
430,BI Developer,AI Solutions,Bangalore,370326,1614037,Remote,Lead,200-500,"Power BI, Kubernetes, TensorFlow",2026-05-08,We are a technology company focused on data analytics and AI solutions.,992181.5,Bi Developer,Bangalore,2026-05,Friday,0,0,0,1,0,0,1,0,0,0,0,1,0,0,1,0,0,0,0,0,0,0,0,0,4
431,Data Analyst Junior,AI Solutions,Mumbai,654591,1355462,Remote,Entry,50-200,"Power BI, R, Airflow",2026-03-25,We are a technology company focused on data analytics and AI solutions.,1005026.5,Data Analyst Junior,Mumbai,2026-03,Wednesday,0,0,0,1,0,0,0,0,0,0,0,1,0,0,0,1,0,0,0,0,0,0,0,0,3
432,Product Analyst,AI Solutions,Bangalore,414994,1727460,Onsite,Mid,50-200,"Airflow, SQL, PyTorch, DAX, TensorFlow",2026-05-08,We are a technology company focused on data analytics and AI solutions.,1071227.0,Product Analyst,Bangalore,2026-05,Friday,0,1,0,0,0,0,1,1,0,0,0,1,0,0,0,1,0,0,1,0,0,0,0,0,6
435,Product Analyst,InfoTech,Bangalore,768933,1394305,Onsite,Entry,200-500,"Python, Kubernetes, Tableau, SQL, PyTorch, TensorFlow",2026-04-24,We are a technology company focused on data analytics and AI solutions.,1081619.0,Product Analyst,Bangalore,2026-04,Friday,1,1,0,0,1,0,1,1,0,0,0,1,0,0,1,0,0,0,0,0,0,0,0,0,7
436,Data Analyst,Finance Inc,Bangalore,667505,863037,Onsite,Mid,200-500,"Azure, TensorFlow, PyTorch, Power BI",2026-03-17,We are a technology company focused on data analytics and AI solutions.,765271.0,Data Analyst,Bangalore,2026-03,Tuesday,0,0,0,1,0,0,1,1,0,1,0,1,0,0,0,0,0,0,0,0,0,0,0,0,5
437,ML Engineer,SmartAnalytics,Mumbai,578226,1330836,Hybrid,Senior,10-50,"SQL, Tableau, Docker, Visualization, Airflow",2026-05-10,We are a technology company focused on data analytics and AI solutions.,954531.0,Ml Engineer,Mumbai,2026-05,Sunday,0,1,0,0,1,0,0,0,0,0,0,1,0,1,0,1,0,0,0,1,0,0,0,0,6
438,Data Analyst Junior,AI Solutions,Pune,562805,1441269,Remote,Mid,50-200,"Excel, Visualization, SQL, Machine Learning, JavaScript, Google Cloud",2026-03-10,We are a technology company focused on data analytics and AI solutions.,1002037.0,Data Analyst Junior,Pune,2026-03,Tuesday,0,1,1,0,0,1,0,0,0,0,1,1,1,0,0,0,0,0,0,1,0,0,0,0,7
439,Product Analyst,StartupXYZ,Mumbai,468484,1004366,Onsite,Entry,50-200,"Excel, TensorFlow, Google Cloud, Python, Hadoop, Machine Learning",2026-05-17,We are a technology company focused on data analytics and AI solutions.,736425.0,Product Analyst,Mumbai,2026-05,Sunday,1,0,1,0,0,1,1,0,0,0,1,1,0,0,0,0,0,1,0,0,0,0,0,0,7
440,Product Analyst,TechVision,Mumbai,565064,1302420,Hybrid,Senior,500+,"Spark, Google Cloud, Kubernetes, TensorFlow, SQL",2026-05-23,We are a technology company focused on data analytics and AI solutions.,933742.0,Product Analyst,Mumbai,2026-05,Saturday,0,1,0,0,0,0,1,0,0,0,1,1,0,0,1,0,1,0,0,0,0,0,0,0,6
441,Senior Data Analyst,ProductCo,Delhi,784410,954249,Remote,Mid,200-500,"Kubernetes, SQL, JavaScript, Spark, R",2026-03-09,We are a technology company focused on data analytics and AI solutions.,869329.5,Senior Data Analyst,Delhi,2026-03,Monday,0,1,0,0,0,0,0,0,0,0,0,1,1,0,1,0,1,0,0,0,0,0,0,0,5
442,Marketing Analyst,Tech Corp,Mumbai,545378,1838199,Remote,Mid,50-200,"Power BI, Azure, AWS, Hadoop",2026-04-14,We are a technology company focused on data analytics and AI solutions.,1191788.5,Marketing Analyst,Mumbai,2026-04,Tuesday,0,0,0,1,0,0,0,0,1,1,0,1,0,0,0,0,0,1,0,0,0,0,0,0,5
443,Data Engineer,MegaCorp,Bangalore,753531,1460902,Onsite,Mid,10-50,"Airflow, JavaScript, Python",2026-04-26,We are a technology company focused on data analytics and AI solutions.,1107216.5,Data Engineer,Bangalore,2026-04,Sunday,1,0,0,0,0,0,0,0,0,0,0,1,1,0,0,1,0,0,0,0,0,0,0,0,4
444,Data Analyst,SmartAnalytics,Chennai,641705,1909004,Hybrid,Entry,200-500,"Docker, Machine Learning, Spark",2026-03-07,We are a technology company focused on data analytics and AI solutions.,1275354.5,Data Analyst,Chennai,2026-03,Saturday,0,0,0,0,0,1,0,0,0,0,0,1,0,1,0,0,1,0,0,0,0,0,0,0,4
445,Analytics Manager,Digital Solutions,Bangalore,571090,1340340,Onsite,Mid,10-50,"Python, Visualization, AWS, Excel, Google Cloud",2026-05-25,We are a technology company focused on data analytics and AI solutions.,955715.0,Analytics Manager,Bangalore,2026-05,Monday,1,0,1,0,0,0,0,0,1,0,1,0,0,0,0,0,0,0,0,1,0,0,0,0,5
446,Data Engineer,DataFirst,Bangalore,525314,1949265,Onsite,Senior,50-200,"Machine Learning, Kubernetes, PyTorch, SQL, Tableau",2026-03-22,We are a technology company focused on data analytics and AI solutions.,1237289.5,Data Engineer,Bangalore,2026-03,Sunday,0,1,0,0,1,1,0,1,0,0,0,1,0,0,1,0,0,0,0,0,0,0,0,0,6
448,Marketing Analyst,CloudSystems,Hyderabad,535612,1246636,Hybrid,Mid,200-500,"AWS, Power BI, Python, Visualization",2026-04-11,We are a technology company focused on data analytics and AI solutions.,891124.0,Marketing Analyst,Hyderabad,2026-04,Saturday,1,0,0,1,0,0,0,0,1,0,0,1,0,0,0,0,0,0,0,1,0,0,0,0,5
450,Data Engineer,Tech Corp,Bangalore,355230,1062307,Remote,Senior,50-200,"DAX, Docker, Python, Hadoop, Excel",2026-04-24,We are a technology company focused on data analytics and AI solutions.,708768.5,Data Engineer,Bangalore,2026-04,Friday,1,0,1,0,0,0,0,0,0,0,0,1,0,1,0,0,0,1,1,0,0,0,0,0,6
451,Research Analyst,DataFlow,Gurgaon,673966,1771248,Hybrid,Entry,500+,"SQL, Kubernetes, AWS, TensorFlow",2026-05-26,We are a technology company focused on data analytics and AI solutions.,1222607.0,Research Analyst,Gurgaon,2026-05,Tuesday,0,1,0,0,0,0,1,0,1,0,0,1,0,0,1,0,0,0,0,0,0,0,0,0,5
452,ML Engineer,Analytics Pro,Hyderabad,791872,1263547,Onsite,Entry,10-50,"Hadoop, Power BI, Azure",2026-04-02,We are a technology company focused on data analytics and AI solutions.,1027709.5,Ml Engineer,Hyderabad,2026-04,Thursday,0,0,0,1,0,0,0,0,0,1,0,1,0,0,0,0,0,1,0,0,0,0,0,0,4
453,Product Analyst,StartupXYZ,Hyderabad,723243,1203850,Hybrid,Entry,50-200,"Kubernetes, Spark, SQL, Hadoop, Visualization",2026-03-19,We are a technology company focused on data analytics and AI solutions.,963546.5,Product Analyst,Hyderabad,2026-03,Thursday,0,1,0,0,0,0,0,0,0,0,0,1,0,0,1,0,1,1,0,1,0,0,0,0,6
454,ML Engineer,CloudSystems,Hyderabad,765757,1984446,Onsite,Mid,50-200,"Docker, Excel, AWS, Azure, Python",2026-04-28,We are a technology company focused on data analytics and AI solutions.,1375101.5,Ml Engineer,Hyderabad,2026-04,Tuesday,1,0,1,0,0,0,0,0,1,1,0,1,0,1,0,0,0,0,0,0,0,0,0,0,6
455,Business Analyst,MegaCorp,Hyderabad,674484,1310259,Hybrid,Mid,10-50,"Visualization, Airflow, PyTorch, AWS, JavaScript",2026-05-21,We are a technology company focused on data analytics and AI solutions.,992371.5,Business Analyst,Hyderabad,2026-05,Thursday,0,0,0,0,0,0,0,1,1,0,0,1,1,0,0,1,0,0,0,1,0,0,0,0,6
456,Research Analyst,Tech Corp,Hyderabad,359321,1859325,Hybrid,Entry,200-500,"Power BI, Excel, Airflow, AWS",2026-03-23,We are a technology company focused on data analytics and AI solutions.,1109323.0,Research Analyst,Hyderabad,2026-03,Monday,0,0,1,1,0,0,0,0,1,0,0,1,0,0,0,1,0,0,0,0,0,0,0,0,5
457,Analytics Manager,CloudSystems,Bangalore,432028,1428419,Hybrid,Lead,10-50,"Tableau, Hadoop, Spark, Machine Learning, SQL",2026-03-24,We are a technology company focused on data analytics and AI solutions.,930223.5,Analytics Manager,Bangalore,2026-03,Tuesday,0,1,0,0,1,1,0,0,0,0,0,1,0,0,0,0,1,1,0,0,0,0,0,0,6
460,Marketing Analyst,StartupXYZ,Bangalore,741124,1617052,Remote,Mid,200-500,"Power BI, AWS, Hadoop, TensorFlow",2026-04-11,We are a technology company focused on data analytics and AI solutions.,1179088.0,Marketing Analyst,Bangalore,2026-04,Saturday,0,0,0,1,0,0,1,0,1,0,0,1,0,0,0,0,0,1,0,0,0,0,0,0,5
462,Business Analyst,DataFlow,Bangalore,588107,1901928,Remote,Entry,50-200,"Airflow, Hadoop, Machine Learning, JavaScript, R",2026-04-10,We are a technology company focused on data analytics and AI solutions.,1245017.5,Business Analyst,Bangalore,2026-04,Friday,0,0,0,0,0,1,0,0,0,0,0,1,1,0,0,1,0,1,0,0,0,0,0,0,5
463,Data Analyst,AI Solutions,Mumbai,401757,1224127,Hybrid,Entry,10-50,"Python, Power BI, Visualization",2026-05-02,We are a technology company focused on data analytics and AI solutions.,812942.0,Data Analyst,Mumbai,2026-05,Saturday,1,0,0,1,0,0,0,0,0,0,0,1,0,0,0,0,0,0,0,1,0,0,0,0,4
464,Analytics Manager,ProductCo,Delhi,732659,803191,Hybrid,Senior,200-500,"Python, DAX, R, Hadoop",2026-03-25,We are a technology company focused on data analytics and AI solutions.,767925.0,Analytics Manager,Delhi,2026-03,Wednesday,1,0,0,0,0,0,0,0,0,0,0,1,0,0,0,0,0,1,1,0,0,0,0,0,4
465,Business Analyst,DataFlow,Hyderabad,661403,1428864,Hybrid,Mid,50-200,"Kubernetes, AWS, Power BI, DAX",2026-05-16,We are a technology company focused on data analytics and AI solutions.,1045133.5,Business Analyst,Hyderabad,2026-05,Saturday,0,0,0,1,0,0,0,0,1,0,0,1,0,0,1,0,0,0,1,0,0,0,0,0,5
466,Marketing Analyst,AI Solutions,Bangalore,601207,1242939,Onsite,Mid,200-500,"Power BI, AWS, Machine Learning",2026-05-01,We are a technology company focused on data analytics and AI solutions.,922073.0,Marketing Analyst,Bangalore,2026-05,Friday,0,0,0,1,0,1,0,0,1,0,0,1,0,0,0,0,0,0,0,0,0,0,0,0,4
467,Data Analyst Junior,Analytics Pro,Bangalore,676369,1852207,Hybrid,Mid,200-500,"Hadoop, Power BI, SQL, PyTorch, TensorFlow",2026-03-18,We are a technology company focused on data analytics and AI solutions.,1264288.0,Data Analyst Junior,Bangalore,2026-03,Wednesday,0,1,0,1,0,0,1,1,0,0,0,1,0,0,0,0,0,1,0,0,0,0,0,0,6
468,Research Analyst,DataFirst,Pune,678544,1985820,Onsite,Entry,200-500,"Tableau, Spark, Excel",2026-04-15,We are a technology company focused on data analytics and AI solutions.,1332182.0,Research Analyst,Pune,2026-04,Wednesday,0,0,1,0,1,0,0,0,0,0,0,1,0,0,0,0,1,0,0,0,0,0,0,0,4
471,Data Analyst Junior,InfoTech,Bangalore,496200,1414641,Remote,Entry,200-500,"Docker, Google Cloud, Python, Azure",2026-04-09,We are a technology company focused on data analytics and AI solutions.,955420.5,Data Analyst Junior,Bangalore,2026-04,Thursday,1,0,0,0,0,0,0,0,0,1,1,1,0,1,0,0,0,0,0,0,0,0,0,0,5
473,Research Analyst,SmartAnalytics,Hyderabad,719065,1021972,Hybrid,Senior,10-50,"Python, Spark, Docker, PyTorch",2026-03-13,We are a technology company focused on data analytics and AI solutions.,870518.5,Research Analyst,Hyderabad,2026-03,Friday,1,0,0,0,0,0,0,1,0,0,0,1,0,1,0,0,1,0,0,0,0,0,0,0,5
474,BI Developer,TechVision,Hyderabad,462932,1548321,Hybrid,Lead,500+,"Machine Learning, JavaScript, PyTorch, Excel",2026-04-14,We are a technology company focused on data analytics and AI solutions.,1005626.5,Bi Developer,Hyderabad,2026-04,Tuesday,0,0,1,0,0,1,0,1,0,0,0,1,1,0,0,0,0,0,0,0,0,0,0,0,5
475,Marketing Analyst,ResearchLab,Bangalore,331585,1308679,Remote,Senior,500+,"Docker, Visualization, R, Kubernetes, Power BI",2026-04-11,We are a technology company focused on data analytics and AI solutions.,820132.0,Marketing Analyst,Bangalore,2026-04,Saturday,0,0,0,1,0,0,0,0,0,0,0,1,0,1,1,0,0,0,0,1,0,0,0,0,5
477,Data Analyst,SmartAnalytics,Gurgaon,770755,1504590,Remote,Entry,10-50,"Visualization, TensorFlow, Docker, Azure",2026-05-07,We are a technology company focused on data analytics and AI solutions.,1137672.5,Data Analyst,Gurgaon,2026-05,Thursday,0,0,0,0,0,0,1,0,0,1,0,1,0,1,0,0,0,0,0,1,0,0,0,0,5
478,Data Analyst Junior,InfoTech,Pune,343585,1791120,Onsite,Lead,50-200,"Docker, Machine Learning, Kubernetes, Excel, Python",2026-05-16,We are a technology company focused on data analytics and AI solutions.,1067352.5,Data Analyst Junior,Pune,2026-05,Saturday,1,0,1,0,0,1,0,0,0,0,0,1,0,1,1,0,0,0,0,0,0,0,0,0,6
480,Data Analyst,MegaCorp,Mumbai,588161,1380780,Hybrid,Lead,500+,"SQL, R, Hadoop, DAX",2026-04-17,We are a technology company focused on data analytics and AI solutions.,984470.5,Data Analyst,Mumbai,2026-04,Friday,0,1,0,0,0,0,0,0,0,0,0,1,0,0,0,0,0,1,1,0,0,0,0,0,4
481,Data Scientist,StartupXYZ,Kolkata,769923,1945298,Remote,Lead,10-50,"Spark, Excel, Power BI, Python, Google Cloud, Kubernetes",2026-05-16,We are a technology company focused on data analytics and AI solutions.,1357610.5,Data Scientist,Kolkata,2026-05,Saturday,1,0,1,1,0,0,0,0,0,0,1,1,0,0,1,0,1,0,0,0,0,0,0,0,7
482,Product Analyst,MegaCorp,Chennai,686821,1765188,Hybrid,Senior,10-50,"Kubernetes, R, Google Cloud, Power BI, Spark, DAX",2026-04-14,We are a technology company focused on data analytics and AI solutions.,1226004.5,Product Analyst,Chennai,2026-04,Tuesday,0,0,0,1,0,0,0,0,0,0,1,1,0,0,1,0,1,0,1,0,0,0,0,0,6
483,BI Developer,StartupXYZ,Mumbai,738566,1354399,Remote,Lead,500+,"Azure, DAX, JavaScript",2026-05-28,We are a technology company focused on data analytics and AI solutions.,1046482.5,Bi Developer,Mumbai,2026-05,Thursday,0,0,0,0,0,0,0,0,0,1,0,1,1,0,0,0,0,0,1,0,0,0,0,0,4
484,Analytics Manager,MegaCorp,Chennai,705417,863936,Remote,Mid,50-200,"PyTorch, Tableau, SQL, Python, Kubernetes, Excel",2026-05-06,We are a technology company focused on data analytics and AI solutions.,784676.5,Analytics Manager,Chennai,2026-05,Wednesday,1,1,1,0,1,0,0,1,0,0,0,1,0,0,1,0,0,0,0,0,0,0,0,0,7
486,Data Analyst,Finance Inc,Delhi,579922,1525836,Remote,Mid,500+,"Airflow, R, Tableau, Docker, Machine Learning, Power BI",2026-03-27,We are a technology company focused on data analytics and AI solutions.,1052879.0,Data Analyst,Delhi,2026-03,Friday,0,0,0,1,1,1,0,0,0,0,0,1,0,1,0,1,0,0,0,0,0,0,0,0,6
487,Research Analyst,Finance Inc,Hyderabad,476313,1287510,Remote,Mid,10-50,"DAX, Excel, Machine Learning, SQL, Spark, Azure",2026-04-07,We are a technology company focused on data analytics and AI solutions.,881911.5,Research Analyst,Hyderabad,2026-04,Tuesday,0,1,1,0,0,1,0,0,0,1,0,1,0,0,0,0,1,0,1,0,0,0,0,0,7
489,Product Analyst,Analytics Pro,Pune,386652,1996179,Remote,Mid,10-50,"Power BI, Hadoop, AWS, Excel",2026-04-23,We are a technology company focused on data analytics and AI solutions.,1191415.5,Product Analyst,Pune,2026-04,Thursday,0,0,1,1,0,0,0,0,1,0,0,1,0,0,0,0,0,1,0,0,0,0,0,0,5
490,Research Analyst,AI Solutions,Bangalore,690411,1674772,Remote,Lead,50-200,"Azure, PyTorch, Docker, Google Cloud",2026-03-20,We are a technology company focused on data analytics and AI solutions.,1182591.5,Research Analyst,Bangalore,2026-03,Friday,0,0,0,0,0,0,0,1,0,1,1,1,0,1,0,0,0,0,0,0,0,0,0,0,5
491,Business Analyst,Analytics Pro,Pune,549474,1762361,Remote,Entry,200-500,"Docker, Visualization, Airflow, JavaScript, Kubernetes, Azure",2026-04-23,We are a technology company focused on data analytics and AI solutions.,1155917.5,Business Analyst,Pune,2026-04,Thursday,0,0,0,0,0,0,0,0,0,1,0,1,1,1,1,1,0,0,0,1,0,0,0,0,7
492,Marketing Analyst,CloudSystems,Hyderabad,479436,941214,Onsite,Senior,50-200,"Python, Visualization, Excel, TensorFlow",2026-05-22,We are a technology company focused on data analytics and AI solutions.,710325.0,Marketing Analyst,Hyderabad,2026-05,Friday,1,0,1,0,0,0,1,0,0,0,0,1,0,0,0,0,0,0,0,1,0,0,0,0,5
493,Data Analyst Junior,Finance Inc,Hyderabad,792049,1439341,Hybrid,Senior,500+,"Power BI, Kubernetes, DAX, Docker, Azure",2026-05-09,We are a technology company focused on data analytics and AI solutions.,1115695.0,Data Analyst Junior,Hyderabad,2026-05,Saturday,0,0,0,1,0,0,0,0,0,1,0,1,0,1,1,0,0,0,1,0,0,0,0,0,6
494,Business Analyst,Finance Inc,Bangalore,688647,1203082,Hybrid,Senior,50-200,"AWS, SQL, Airflow",2026-05-17,We are a technology company focused on data analytics and AI solutions.,945864.5,Business Analyst,Bangalore,2026-05,Sunday,0,1,0,0,0,0,0,0,1,0,0,1,0,0,0,1,0,0,0,0,0,0,0,0,4
496,Product Analyst,DataFlow,Gurgaon,647022,1828494,Onsite,Mid,10-50,"Python, Visualization, R, DAX",2026-04-14,We are a technology company focused on data analytics and AI solutions.,1237758.0,Product Analyst,Gurgaon,2026-04,Tuesday,1,0,0,0,0,0,0,0,0,0,0,1,0,0,0,0,0,0,1,1,0,0,0,0,4
497,BI Developer,AI Solutions,Pune,619200,1821318,Hybrid,Lead,50-200,"Tableau, Hadoop, Docker, R, JavaScript, Machine Learning",2026-03-12,We are a technology company focused on data analytics and AI solutions.,1220259.0,Bi Developer,Pune,2026-03,Thursday,0,0,0,0,1,1,0,0,0,0,0,1,1,1,0,0,0,1,0,0,0,0,0,0,6
499,Data Engineer,CloudSystems,Mumbai,319975,1388315,Hybrid,Entry,10-50,"Tableau, Machine Learning, PyTorch, Power BI, R, Azure",2026-06-01,We are a technology company focused on data analytics and AI solutions.,854145.0,Data Engineer,Mumbai,2026-06,Monday,0,0,0,1,1,1,0,1,0,1,0,1,0,0,0,0,0,0,0,0,0,0,0,0,6
500,Data Analyst,Analytics Pro,Hyderabad,457795,892601,Remote,Mid,50-200,"Spark, AWS, Tableau, Excel, Azure, Docker",2026-03-17,We are a technology company focused on data analytics and AI solutions.,675198.0,Data Analyst,Hyderabad,2026-03,Tuesday,0,0,1,0,1,0,0,0,1,1,0,1,0,1,0,0,1,0,0,0,0,0,0,0,7
