job_id,job_title,company,location,salary_min,salary_max,job_type,experience_level,company_size,required_skills,posted_date,company_description,salary_avg
1,Research Analyst,DataFirst,Hyderabad,608744,1729065,Remote,Mid,200-500,"Excel, Tableau, Azure, TensorFlow, Machine Learning",2026-05-31,We are a technology company focused on data analytics and AI solutions.,1168904.5
2,ML Engineer,DataFirst,Mumbai,376898,1824939,Hybrid,Mid,10-50,"Docker, Azure, SQL, Power BI, DAX",2026-04-08,We are a technology company focused on data analytics and AI solutions.,1100918.5
3,Senior Data Analyst,DataFirst,Mumbai,755699,1674829,Onsite,Senior,200-500,"Spark, Python, TensorFlow, Kubernetes",2026-05-05,We are a technology company focused on data analytics and AI solutions.,1215264.0
4,Analytics Manager,StartupXYZ,Bangalore,449369,1188076,Remote,Mid,200-500,"Docker, Power BI, JavaScript, Visualization, Tableau, PyTorch",2026-03-08,We are a technology company focused on data analytics and AI solutions.,818722.5
5,Data Engineer,DataFlow,Chennai,330448,1460008,Remote,Senior,10-50,"Excel, AWS, Python, Kubernetes, DAX, SQL",2026-03-12,We are a technology company focused on data analytics and AI solutions.,895228.0
6,Research Analyst,Digital Solutions,Hyderabad,588316,1490493,Remote,Lead,50-200,"Visualization, TensorFlow, Power BI, Docker, Azure, Airflow",2026-04-19,We are a technology company focused on data analytics and AI solutions.,1039404.5
7,Data Analyst Junior,CloudSystems,Bangalore,736090,1768181,Onsite,Entry,200-500,"Kubernetes, SQL, AWS, DAX, Hadoop, Tableau",2026-04-09,We are a technology company focused on data analytics and AI solutions.,1252135.5
8,Business Analyst,CloudSystems,Bangalore,307657,1420347,Remote,Entry,50-200,"Kubernetes, Azure, Visualization, Tableau, JavaScript",2026-05-04,We are a technology company focused on data analytics and AI solutions.,864002.0
9,Research Analyst,DataFlow,Hyderabad,777602,1812092,Onsite,Mid,10-50,"Tableau, Docker, Python",2026-03-08,We are a technology company focused on data analytics and AI solutions.,1294847.0
10,Senior Data Analyst,ResearchLab,Bangalore,556689,1422605,Hybrid,Mid,10-50,"Google Cloud, PyTorch, Kubernetes, JavaScript, Visualization",2026-05-28,We are a technology company focused on data analytics and AI solutions.,989647.0
11,Senior Data Analyst,StartupXYZ,Delhi,718641,1525495,Hybrid,Mid,50-200,"Visualization, Excel, Docker",2026-03-19,We are a technology company focused on data analytics and AI solutions.,1122068.0
12,Analytics Manager,Tech Corp,Bangalore,719901,901459,Remote,Senior,500+,"TensorFlow, Hadoop, Visualization",2026-04-11,We are a technology company focused on data analytics and AI solutions.,810680.0
13,Data Engineer,DataFirst,Hyderabad,674999,1561985,Remote,Senior,10-50,"SQL, DAX, Spark, Tableau, Excel",2026-05-27,We are a technology company focused on data analytics and AI solutions.,1118492.0
14,ML Engineer,DataFirst,Bangalore,717794,1000422,Hybrid,Mid,200-500,"Machine Learning, Hadoop, SQL, R, Kubernetes",2026-04-10,We are a technology company focused on data analytics and AI solutions.,859108.0
15,Analytics Manager,DataFlow,Hyderabad,459903,1950096,Onsite,Mid,10-50,"Kubernetes, Python, Excel",2026-03-27,We are a technology company focused on data analytics and AI solutions.,1204999.5
16,Analytics Manager,ResearchLab,Pune,307906,1385560,Hybrid,Senior,50-200,"Excel, SQL, Machine Learning, AWS",2026-04-21,We are a technology company focused on data analytics and AI solutions.,846733.0
17,Business Analyst,CloudSystems,Hyderabad,623557,1547512,Hybrid,Lead,200-500,"Airflow, Python, Spark, JavaScript",2026-05-22,We are a technology company focused on data analytics and AI solutions.,1085534.5
18,Product Analyst,CloudSystems,Mumbai,354028,1316123,Remote,Senior,200-500,"Google Cloud, Hadoop, Kubernetes",2026-05-15,We are a technology company focused on data analytics and AI solutions.,835075.5
19,Data Engineer,ProductCo,Kolkata,569431,1126818,Onsite,Entry,10-50,"DAX, Tableau, Google Cloud, Python, Azure, Power BI",2026-03-18,We are a technology company focused on data analytics and AI solutions.,848124.5
20,Data Scientist,DataFlow,Mumbai,595804,1836548,Onsite,Mid,50-200,"Google Cloud, SQL, Kubernetes",2026-05-03,We are a technology company focused on data analytics and AI solutions.,1216176.0
21,Analytics Manager,StartupXYZ,Gurgaon,768974,944832,Remote,Entry,10-50,"Azure, Power BI, Tableau, Kubernetes, Hadoop",2026-04-05,We are a technology company focused on data analytics and AI solutions.,856903.0
22,Marketing Analyst,AI Solutions,Bangalore,622648,952999,Onsite,Entry,50-200,"Google Cloud, Excel, DAX, Python, JavaScript",2026-04-15,We are a technology company focused on data analytics and AI solutions.,787823.5
23,Product Analyst,StartupXYZ,Delhi,490792,1148619,Hybrid,Entry,200-500,"Machine Learning, Visualization, Tableau, Spark",2026-05-08,We are a technology company focused on data analytics and AI solutions.,819705.5
24,Data Scientist,SmartAnalytics,Mumbai,402979,861367,Hybrid,Mid,10-50,"R, Machine Learning, AWS",2026-05-10,We are a technology company focused on data analytics and AI solutions.,632173.0
25,Marketing Analyst,CloudSystems,Delhi,334701,1553315,Onsite,Mid,50-200,"JavaScript, Airflow, Visualization, Tableau, Docker, Power BI",2026-04-13,We are a technology company focused on data analytics and AI solutions.,944008.0
26,Data Engineer,CloudSystems,Hyderabad,383300,1205804,Onsite,Entry,50-200,"Power BI, Hadoop, JavaScript",2026-03-28,We are a technology company focused on data analytics and AI solutions.,794552.0
27,Data Analyst,Finance Inc,Hyderabad,541249,1708182,Hybrid,Mid,500+,"TensorFlow, Power BI, Docker, SQL",2026-05-14,We are a technology company focused on data analytics and AI solutions.,1124715.5
28,Marketing Analyst,CloudSystems,Hyderabad,448746,1557038,Remote,Mid,500+,"Airflow, PyTorch, JavaScript, AWS, Google Cloud",2026-05-17,We are a technology company focused on data analytics and AI solutions.,1002892.0
29,Data Analyst Junior,Tech Corp,Delhi,383560,1704586,Remote,Mid,10-50,"TensorFlow, JavaScript, Tableau, Machine Learning, DAX, Hadoop",2026-04-26,We are a technology company focused on data analytics and AI solutions.,1044073.0
30,Product Analyst,MegaCorp,Pune,542615,1893314,Onsite,Entry,200-500,"Azure, Tableau, Power BI, Docker, Python",2026-05-20,We are a technology company focused on data analytics and AI solutions.,1217964.5
31,Marketing Analyst,DataFlow,Delhi,717090,1357685,Remote,Mid,50-200,"Python, PyTorch, Docker, Hadoop, Machine Learning",2026-04-12,We are a technology company focused on data analytics and AI solutions.,1037387.5
32,BI Developer,Analytics Pro,Hyderabad,343642,1842377,Hybrid,Senior,50-200,"TensorFlow, Spark, PyTorch, Hadoop, Google Cloud",2026-04-27,We are a technology company focused on data analytics and AI solutions.,1093009.5
33,Data Analyst,StartupXYZ,Pune,791036,1002332,Hybrid,Entry,200-500,"DAX, AWS, Azure, PyTorch",2026-04-17,We are a technology company focused on data analytics and AI solutions.,896684.0
34,Senior Data Analyst,MegaCorp,Bangalore,627304,1182729,Hybrid,Entry,500+,"SQL, AWS, Power BI",2026-04-13,We are a technology company focused on data analytics and AI solutions.,905016.5
35,Senior Data Analyst,ResearchLab,Bangalore,579746,1960029,Hybrid,Mid,500+,"Tableau, JavaScript, Docker, Excel, DAX, AWS",2026-03-08,We are a technology company focused on data analytics and AI solutions.,1269887.5
36,Data Analyst Junior,AI Solutions,Hyderabad,665464,1868392,Onsite,Senior,50-200,"Airflow, Power BI, Docker",2026-03-24,We are a technology company focused on data analytics and AI solutions.,1266928.0
37,Marketing Analyst,Tech Corp,Delhi,388801,1759744,Remote,Mid,50-200,"Azure, Google Cloud, AWS",2026-05-07,We are a technology company focused on data analytics and AI solutions.,1074272.5
38,Marketing Analyst,Digital Solutions,Hyderabad,588075,1723780,Remote,Mid,200-500,"Airflow, TensorFlow, AWS, Excel",2026-03-11,We are a technology company focused on data analytics and AI solutions.,1155927.5
39,Business Analyst,InfoTech,Mumbai,394377,1569299,Remote,Mid,50-200,"Machine Learning, SQL, Hadoop, Visualization, Airflow",2026-05-19,We are a technology company focused on data analytics and AI solutions.,981838.0
40,Marketing Analyst,StartupXYZ,Pune,591336,1806080,Onsite,Mid,50-200,"AWS, Airflow, Python",2026-05-19,We are a technology company focused on data analytics and AI solutions.,1198708.0
41,Research Analyst,MegaCorp,Hyderabad,608686,1171000,Hybrid,Entry,50-200,"Power BI, Kubernetes, Google Cloud",2026-04-30,We are a technology company focused on data analytics and AI solutions.,889843.0
42,ML Engineer,Digital Solutions,Mumbai,689159,1013567,Remote,Mid,200-500,"Kubernetes, Excel, Docker, Airflow",2026-05-18,We are a technology company focused on data analytics and AI solutions.,851363.0
43,BI Developer,AI Solutions,Bangalore,604664,1395923,Onsite,Senior,10-50,"DAX, TensorFlow, SQL, Docker, JavaScript, Spark",2026-03-23,We are a technology company focused on data analytics and AI solutions.,1000293.5
44,Business Analyst,Finance Inc,Bangalore,626916,1016184,Onsite,Mid,10-50,"Machine Learning, Power BI, Tableau, PyTorch, Spark",2026-04-13,We are a technology company focused on data analytics and AI solutions.,821550.0
45,Data Engineer,Digital Solutions,Bangalore,751978,1098090,Onsite,Senior,500+,"PyTorch, Google Cloud, DAX, Tableau, Power BI",2026-03-14,We are a technology company focused on data analytics and AI solutions.,925034.0
46,Business Analyst,Tech Corp,Bangalore,612250,1117348,Onsite,Senior,10-50,"Power BI, Tableau, DAX, PyTorch, Kubernetes",2026-05-23,We are a technology company focused on data analytics and AI solutions.,864799.0
47,Research Analyst,Tech Corp,Mumbai,381121,1789156,Remote,Entry,50-200,"Docker, Python, Spark",2026-03-13,We are a technology company focused on data analytics and AI solutions.,1085138.5
48,Data Engineer,Analytics Pro,Bangalore,325559,892324,Onsite,Senior,10-50,"Excel, Hadoop, Machine Learning, Visualization, AWS, SQL",2026-04-17,We are a technology company focused on data analytics and AI solutions.,608941.5
49,BI Developer,Finance Inc,Mumbai,667739,1023536,Hybrid,Entry,10-50,"Google Cloud, PyTorch, SQL, Python, Hadoop",2026-05-13,We are a technology company focused on data analytics and AI solutions.,845637.5
50,Research Analyst,InfoTech,Delhi,333742,826155,Onsite,Mid,10-50,"Python, Azure, AWS, R, PyTorch, JavaScript",2026-04-16,We are a technology company focused on data analytics and AI solutions.,579948.5
51,Data Scientist,DataFlow,Mumbai,631813,1141815,Onsite,Entry,10-50,"Spark, Tableau, Visualization, Python, JavaScript, SQL",2026-04-13,We are a technology company focused on data analytics and AI solutions.,886814.0
52,ML Engineer,Digital Solutions,Mumbai,773415,1260494,Onsite,Entry,500+,"Google Cloud, Spark, PyTorch, Machine Learning, Docker",2026-03-17,We are a technology company focused on data analytics and AI solutions.,1016954.5
53,BI Developer,Finance Inc,Mumbai,452826,949381,Hybrid,Mid,50-200,"Machine Learning, AWS, Spark, DAX",2026-06-03,We are a technology company focused on data analytics and AI solutions.,701103.5
54,Marketing Analyst,Tech Corp,Bangalore,435044,1980267,Remote,Entry,500+,"DAX, Kubernetes, JavaScript, Machine Learning",2026-03-30,We are a technology company focused on data analytics and AI solutions.,1207655.5
55,Data Scientist,Tech Corp,Bangalore,632975,1243324,Hybrid,Mid,50-200,"Spark, Airflow, Tableau, Kubernetes, TensorFlow",2026-04-01,We are a technology company focused on data analytics and AI solutions.,938149.5
56,Data Analyst Junior,MegaCorp,Chennai,412217,834707,Onsite,Mid,50-200,"Airflow, R, TensorFlow, Hadoop, Spark, Excel",2026-05-27,We are a technology company focused on data analytics and AI solutions.,623462.0
57,BI Developer,CloudSystems,Mumbai,341873,1737841,Onsite,Entry,50-200,"Tableau, Machine Learning, Airflow, Hadoop",2026-03-10,We are a technology company focused on data analytics and AI solutions.,1039857.0
58,Data Analyst Junior,InfoTech,Bangalore,787877,1546788,Remote,Entry,50-200,"Python, Excel, AWS, Visualization",2026-05-10,We are a technology company focused on data analytics and AI solutions.,1167332.5
59,Data Engineer,Digital Solutions,Bangalore,668676,1153299,Remote,Mid,200-500,"Airflow, Google Cloud, R, TensorFlow",2026-03-30,We are a technology company focused on data analytics and AI solutions.,910987.5
60,Data Scientist,Analytics Pro,Bangalore,688411,970102,Remote,Mid,50-200,"Tableau, Excel, Azure, Visualization, SQL, Power BI",2026-03-23,We are a technology company focused on data analytics and AI solutions.,829256.5
61,ML Engineer,Analytics Pro,Gurgaon,703119,1194274,Onsite,Senior,50-200,"SQL, AWS, JavaScript, Azure, Power BI, Spark",2026-03-23,We are a technology company focused on data analytics and AI solutions.,948696.5
62,Marketing Analyst,Digital Solutions,Hyderabad,434092,1017285,Onsite,Mid,500+,"Azure, Spark, DAX",2026-03-19,We are a technology company focused on data analytics and AI solutions.,725688.5
63,Marketing Analyst,SmartAnalytics,Bangalore,603899,1558842,Remote,Senior,500+,"Google Cloud, TensorFlow, Airflow, AWS, R, Hadoop",2026-03-26,We are a technology company focused on data analytics and AI solutions.,1081370.5
64,Research Analyst,DataFirst,Bangalore,648100,1822788,Hybrid,Mid,500+,"Airflow, Python, DAX, SQL, Azure",2026-03-17,We are a technology company focused on data analytics and AI solutions.,1235444.0
65,Marketing Analyst,AI Solutions,Bangalore,386988,1650610,Onsite,Mid,50-200,"SQL, Python, Tableau, Machine Learning, Kubernetes, JavaScript",2026-04-14,We are a technology company focused on data analytics and AI solutions.,1018799.0
66,Analytics Manager,Analytics Pro,Pune,345648,1096141,Onsite,Mid,200-500,"Kubernetes, Airflow, AWS, Tableau",2026-04-12,We are a technology company focused on data analytics and AI solutions.,720894.5
67,Business Analyst,Finance Inc,Hyderabad,796753,1743115,Hybrid,Entry,50-200,"Airflow, Kubernetes, SQL",2026-05-20,We are a technology company focused on data analytics and AI solutions.,1269934.0
68,Data Analyst,AI Solutions,Pune,425991,1980887,Hybrid,Mid,50-200,"Airflow, PyTorch, Visualization, Power BI, Python",2026-04-15,We are a technology company focused on data analytics and AI solutions.,1203439.0
69,ML Engineer,Finance Inc,Hyderabad,702732,1045546,Hybrid,Senior,10-50,"Python, TensorFlow, Google Cloud, R, Kubernetes",2026-03-25,We are a technology company focused on data analytics and AI solutions.,874139.0
70,Data Scientist,ResearchLab,Pune,677149,1451233,Remote,Mid,50-200,"R, Excel, Google Cloud, Docker, Tableau",2026-03-21,We are a technology company focused on data analytics and AI solutions.,1064191.0
71,Analytics Manager,Tech Corp,Hyderabad,302396,1841592,Hybrid,Senior,10-50,"Spark, Airflow, Machine Learning",2026-04-27,We are a technology company focused on data analytics and AI solutions.,1071994.0
72,ML Engineer,CloudSystems,Hyderabad,384082,946470,Hybrid,Senior,50-200,"PyTorch, JavaScript, AWS, SQL",2026-04-25,We are a technology company focused on data analytics and AI solutions.,665276.0
73,Data Scientist,MegaCorp,Delhi,712345,1444318,Onsite,Senior,500+,"Google Cloud, Power BI, Hadoop, AWS",2026-03-30,We are a technology company focused on data analytics and AI solutions.,1078331.5
74,Product Analyst,Analytics Pro,Kolkata,428322,1855146,Hybrid,Senior,10-50,"PyTorch, Docker, Hadoop",2026-04-26,We are a technology company focused on data analytics and AI solutions.,1141734.0
75,Product Analyst,CloudSystems,Chennai,432663,1130929,Onsite,Mid,10-50,"PyTorch, DAX, Excel, AWS",2026-03-22,We are a technology company focused on data analytics and AI solutions.,781796.0
76,Data Analyst Junior,CloudSystems,Mumbai,311303,879141,Remote,Mid,10-50,"Power BI, Python, DAX, Visualization",2026-05-18,We are a technology company focused on data analytics and AI solutions.,595222.0
77,ML Engineer,CloudSystems,Chennai,461633,812115,Hybrid,Mid,500+,"AWS, Tableau, Python, Google Cloud, JavaScript",2026-05-28,We are a technology company focused on data analytics and AI solutions.,636874.0
78,Product Analyst,DataFirst,Hyderabad,633863,1887638,Remote,Mid,50-200,"Spark, Google Cloud, Power BI",2026-04-26,We are a technology company focused on data analytics and AI solutions.,1260750.5
79,Data Scientist,AI Solutions,Kolkata,549690,1609343,Remote,Mid,50-200,"Google Cloud, Kubernetes, Hadoop, Machine Learning, Tableau",2026-03-28,We are a technology company focused on data analytics and AI solutions.,1079516.5
80,Data Analyst Junior,Finance Inc,Bangalore,785324,1190479,Onsite,Senior,200-500,"Machine Learning, TensorFlow, DAX, Visualization",2026-04-30,We are a technology company focused on data analytics and AI solutions.,987901.5
81,Marketing Analyst,TechVision,Delhi,559820,1630185,Onsite,Mid,200-500,"Python, Machine Learning, Power BI, Google Cloud, Tableau, Airflow",2026-04-14,We are a technology company focused on data analytics and AI solutions.,1095002.5
82,Data Scientist,ResearchLab,Pune,399616,1197686,Remote,Mid,50-200,"Kubernetes, Spark, Hadoop, Tableau",2026-04-18,We are a technology company focused on data analytics and AI solutions.,798651.0
83,Data Analyst Junior,StartupXYZ,Delhi,686309,1970439,Hybrid,Entry,200-500,"Hadoop, AWS, Airflow, Python, Google Cloud",2026-04-29,We are a technology company focused on data analytics and AI solutions.,1328374.0
84,ML Engineer,CloudSystems,Mumbai,386231,1596657,Onsite,Mid,200-500,"Azure, Spark, Power BI, Kubernetes, Visualization, Tableau",2026-04-01,We are a technology company focused on data analytics and AI solutions.,991444.0
85,Analytics Manager,DataFlow,Bangalore,569458,1447296,Remote,Entry,200-500,"Visualization, Airflow, DAX",2026-03-07,We are a technology company focused on data analytics and AI solutions.,1008377.0
86,Research Analyst,AI Solutions,Pune,319623,1825799,Hybrid,Senior,10-50,"TensorFlow, Python, PyTorch",2026-05-22,We are a technology company focused on data analytics and AI solutions.,1072711.0
87,Marketing Analyst,Analytics Pro,Hyderabad,498747,1600101,Onsite,Mid,500+,"Docker, Machine Learning, TensorFlow",2026-05-17,We are a technology company focused on data analytics and AI solutions.,1049424.0
88,BI Developer,InfoTech,Gurgaon,790042,1844257,Hybrid,Entry,50-200,"Docker, Power BI, Kubernetes, Google Cloud",2026-05-14,We are a technology company focused on data analytics and AI solutions.,1317149.5
89,Analytics Manager,Analytics Pro,Delhi,758298,848320,Remote,Entry,50-200,"Excel, Hadoop, Machine Learning, Docker",2026-03-31,We are a technology company focused on data analytics and AI solutions.,803309.0
90,Data Engineer,MegaCorp,Hyderabad,776840,1764918,Hybrid,Mid,50-200,"Visualization, Machine Learning, JavaScript, Python, DAX, Google Cloud",2026-05-27,We are a technology company focused on data analytics and AI solutions.,1270879.0
91,Data Scientist,StartupXYZ,Delhi,405228,1296758,Onsite,Mid,10-50,"R, Machine Learning, Python, SQL, TensorFlow",2026-04-17,We are a technology company focused on data analytics and AI solutions.,850993.0
92,Data Engineer,TechVision,Mumbai,726346,1995225,Hybrid,Mid,10-50,"Hadoop, Google Cloud, Python, R, Machine Learning",2026-03-11,We are a technology company focused on data analytics and AI solutions.,1360785.5
93,Analytics Manager,DataFlow,Delhi,482828,1973930,Remote,Entry,200-500,"AWS, Python, Visualization, DAX",2026-04-22,We are a technology company focused on data analytics and AI solutions.,1228379.0
94,Data Analyst Junior,Analytics Pro,Delhi,659768,1412297,Onsite,Mid,10-50,"Tableau, SQL, PyTorch, Google Cloud",2026-04-12,We are a technology company focused on data analytics and AI solutions.,1036032.5
95,BI Developer,TechVision,Hyderabad,457364,1248625,Remote,Mid,50-200,"Hadoop, R, Tableau, Kubernetes, AWS",2026-03-11,We are a technology company focused on data analytics and AI solutions.,852994.5
96,Marketing Analyst,StartupXYZ,Bangalore,673929,828625,Onsite,Mid,50-200,"Python, Visualization, DAX, Power BI",2026-05-08,We are a technology company focused on data analytics and AI solutions.,751277.0
97,Marketing Analyst,CloudSystems,Gurgaon,648350,1536400,Remote,Mid,10-50,"Google Cloud, Visualization, SQL, Airflow, Spark, DAX",2026-05-16,We are a technology company focused on data analytics and AI solutions.,1092375.0
98,Marketing Analyst,DataFlow,Bangalore,369274,1885063,Onsite,Mid,500+,"TensorFlow, Hadoop, Airflow, Machine Learning, Docker, R",2026-05-12,We are a technology company focused on data analytics and AI solutions.,1127168.5
99,BI Developer,TechVision,Mumbai,433541,1288011,Hybrid,Entry,10-50,"JavaScript, AWS, R, Python, Tableau, Hadoop",2026-04-15,We are a technology company focused on data analytics and AI solutions.,860776.0
100,Data Analyst,MegaCorp,Bangalore,353947,1230424,Remote,Lead,50-200,"Azure, Excel, Power BI, Google Cloud, DAX, PyTorch",2026-04-14,We are a technology company focused on data analytics and AI solutions.,792185.5
101,BI Developer,Finance Inc,Bangalore,453606,1116205,Remote,Mid,50-200,"TensorFlow, Kubernetes, Python, R, Airflow",2026-04-22,We are a technology company focused on data analytics and AI solutions.,784905.5
102,Research Analyst,Tech Corp,Mumbai,494692,1748163,Remote,Mid,10-50,"Visualization, R, Kubernetes",2026-04-14,We are a technology company focused on data analytics and AI solutions.,1121427.5
103,BI Developer,Finance Inc,Mumbai,348874,1847328,Onsite,Entry,10-50,"Excel, DAX, Tableau, Spark",2026-03-27,We are a technology company focused on data analytics and AI solutions.,1098101.0
104,Analytics Manager,StartupXYZ,Hyderabad,349708,901376,Onsite,Mid,200-500,"Kubernetes, Excel, Visualization, JavaScript, Hadoop",2026-04-24,We are a technology company focused on data analytics and AI solutions.,625542.0
105,Data Analyst,AI Solutions,Delhi,374553,1633487,Hybrid,Entry,500+,"Python, AWS, Tableau",2026-03-24,We are a technology company focused on data analytics and AI solutions.,1004020.0
106,Marketing Analyst,Tech Corp,Hyderabad,368344,1567629,Hybrid,Mid,10-50,"Visualization, Kubernetes, TensorFlow, R",2026-05-24,We are a technology company focused on data analytics and AI solutions.,967986.5
107,Analytics Manager,ResearchLab,Hyderabad,611282,958056,Onsite,Lead,200-500,"PyTorch, R, JavaScript, SQL, Visualization, Google Cloud",2026-03-16,We are a technology company focused on data analytics and AI solutions.,784669.0
108,Analytics Manager,MegaCorp,Hyderabad,485374,1434457,Onsite,Mid,200-500,"R, Visualization, Tableau, Azure, SQL",2026-03-08,We are a technology company focused on data analytics and AI solutions.,959915.5
109,Senior Data Analyst,ResearchLab,Hyderabad,347638,1360347,Hybrid,Entry,200-500,"R, Azure, Airflow",2026-03-11,We are a technology company focused on data analytics and AI solutions.,853992.5
110,Business Analyst,DataFirst,Bangalore,378249,1262785,Hybrid,Entry,50-200,"Spark, Azure, Google Cloud",2026-04-13,We are a technology company focused on data analytics and AI solutions.,820517.0
111,Data Analyst,DataFlow,Mumbai,668009,1832766,Hybrid,Mid,50-200,"PyTorch, Tableau, Docker, R, Hadoop, Airflow",2026-05-12,We are a technology company focused on data analytics and AI solutions.,1250387.5
112,Analytics Manager,Digital Solutions,Pune,302719,1329992,Hybrid,Entry,50-200,"AWS, Power BI, R",2026-04-16,We are a technology company focused on data analytics and AI solutions.,816355.5
113,Business Analyst,Tech Corp,Hyderabad,453962,1778080,Remote,Entry,200-500,"Tableau, Excel, Spark, Airflow, Kubernetes",2026-04-27,We are a technology company focused on data analytics and AI solutions.,1116021.0
114,Business Analyst,ResearchLab,Pune,770452,1528744,Hybrid,Senior,200-500,"Machine Learning, Docker, Hadoop",2026-04-18,We are a technology company focused on data analytics and AI solutions.,1149598.0
115,Data Analyst,Analytics Pro,Delhi,729725,1542488,Hybrid,Mid,10-50,"Excel, Power BI, JavaScript, SQL, TensorFlow, Docker",2026-03-24,We are a technology company focused on data analytics and AI solutions.,1136106.5
116,Senior Data Analyst,ResearchLab,Bangalore,342534,1435567,Onsite,Entry,50-200,"Excel, Machine Learning, DAX, Python",2026-05-28,We are a technology company focused on data analytics and AI solutions.,889050.5
117,Data Engineer,TechVision,Gurgaon,795518,1482568,Remote,Senior,500+,"Google Cloud, Machine Learning, DAX, Kubernetes",2026-03-30,We are a technology company focused on data analytics and AI solutions.,1139043.0
118,Data Analyst Junior,Finance Inc,Kolkata,392241,1442804,Hybrid,Entry,200-500,"JavaScript, Visualization, Google Cloud, Machine Learning, TensorFlow",2026-03-19,We are a technology company focused on data analytics and AI solutions.,917522.5
119,Research Analyst,TechVision,Hyderabad,712003,1322828,Hybrid,Lead,500+,"Airflow, DAX, R, JavaScript, Docker",2026-04-03,We are a technology company focused on data analytics and AI solutions.,1017415.5
120,Data Analyst Junior,DataFirst,Bangalore,426209,1278366,Hybrid,Mid,200-500,"Visualization, SQL, R, PyTorch, Kubernetes, Excel",2026-03-09,We are a technology company focused on data analytics and AI solutions.,852287.5
121,BI Developer,Tech Corp,Gurgaon,742061,1521384,Remote,Senior,50-200,"AWS, TensorFlow, Excel, JavaScript, Machine Learning",2026-05-06,We are a technology company focused on data analytics and AI solutions.,1131722.5
122,Marketing Analyst,Tech Corp,Delhi,489004,1757386,Hybrid,Mid,50-200,"Python, Azure, AWS",2026-04-27,We are a technology company focused on data analytics and AI solutions.,1123195.0
123,Research Analyst,DataFirst,Hyderabad,392124,1219139,Hybrid,Senior,200-500,"JavaScript, AWS, Python, SQL, Docker, Hadoop",2026-03-12,We are a technology company focused on data analytics and AI solutions.,805631.5
124,BI Developer,StartupXYZ,Delhi,391659,1319777,Hybrid,Lead,10-50,"Docker, TensorFlow, Power BI",2026-05-02,We are a technology company focused on data analytics and AI solutions.,855718.0
125,Analytics Manager,TechVision,Pune,464134,1032549,Hybrid,Entry,50-200,"Power BI, JavaScript, Tableau, PyTorch, Kubernetes",2026-05-06,We are a technology company focused on data analytics and AI solutions.,748341.5
126,Marketing Analyst,ProductCo,Delhi,375713,1284965,Hybrid,Lead,200-500,"AWS, Spark, Google Cloud, TensorFlow",2026-03-17,We are a technology company focused on data analytics and AI solutions.,830339.0
127,Data Scientist,Analytics Pro,Pune,518335,1590546,Onsite,Mid,10-50,"Python, Excel, Machine Learning, TensorFlow, JavaScript, Visualization",2026-05-12,We are a technology company focused on data analytics and AI solutions.,1054440.5
128,Data Analyst,InfoTech,Pune,788972,1782469,Remote,Mid,200-500,"Tableau, Power BI, Airflow",2026-06-01,We are a technology company focused on data analytics and AI solutions.,1285720.5
129,Research Analyst,Finance Inc,Hyderabad,753677,836321,Onsite,Mid,50-200,"Excel, JavaScript, Visualization, Airflow, Spark, Kubernetes",2026-04-20,We are a technology company focused on data analytics and AI solutions.,794999.0
130,Research Analyst,Tech Corp,Bangalore,375418,1135441,Hybrid,Mid,500+,"Hadoop, JavaScript, Visualization, Excel",2026-05-27,We are a technology company focused on data analytics and AI solutions.,755429.5
131,Analytics Manager,StartupXYZ,Mumbai,759888,956498,Remote,Entry,10-50,"AWS, Machine Learning, Airflow, Google Cloud",2026-03-10,We are a technology company focused on data analytics and AI solutions.,858193.0
132,Data Engineer,Digital Solutions,Chennai,428232,1866348,Remote,Mid,50-200,"R, DAX, AWS",2026-05-06,We are a technology company focused on data analytics and AI solutions.,1147290.0
133,Business Analyst,Analytics Pro,Bangalore,728048,1590144,Remote,Mid,200-500,"Python, TensorFlow, Kubernetes, Spark",2026-06-02,We are a technology company focused on data analytics and AI solutions.,1159096.0
134,Marketing Analyst,TechVision,Mumbai,463038,1194583,Onsite,Senior,50-200,"TensorFlow, Spark, Machine Learning, Excel, SQL, Hadoop",2026-04-15,We are a technology company focused on data analytics and AI solutions.,828810.5
135,Analytics Manager,Finance Inc,Delhi,765761,1038389,Onsite,Senior,200-500,"SQL, Hadoop, Google Cloud, R, JavaScript",2026-03-31,We are a technology company focused on data analytics and AI solutions.,902075.0
136,Product Analyst,Digital Solutions,Bangalore,706203,1439430,Onsite,Mid,200-500,"TensorFlow, Excel, Machine Learning, SQL, Google Cloud",2026-05-15,We are a technology company focused on data analytics and AI solutions.,1072816.5
137,Senior Data Analyst,TechVision,Delhi,468383,1900500,Hybrid,Mid,10-50,"Visualization, Airflow, Spark, PyTorch, AWS, Python",2026-04-13,We are a technology company focused on data analytics and AI solutions.,1184441.5
138,Business Analyst,ResearchLab,Chennai,593719,1876299,Hybrid,Entry,50-200,"Airflow, AWS, DAX, Python, PyTorch",2026-03-11,We are a technology company focused on data analytics and AI solutions.,1235009.0
139,Data Analyst,Digital Solutions,Mumbai,625996,1558470,Remote,Entry,50-200,"Airflow, Azure, R, PyTorch",2026-04-28,We are a technology company focused on data analytics and AI solutions.,1092233.0
140,Business Analyst,DataFirst,Mumbai,558722,1464468,Remote,Entry,50-200,"AWS, Visualization, Hadoop, Docker",2026-03-24,We are a technology company focused on data analytics and AI solutions.,1011595.0
141,Data Engineer,SmartAnalytics,Bangalore,432079,1008786,Hybrid,Mid,500+,"Docker, Azure, Airflow, Tableau, Excel",2026-05-08,We are a technology company focused on data analytics and AI solutions.,720432.5
142,Business Analyst,StartupXYZ,Mumbai,502053,1486684,Remote,Entry,200-500,"Visualization, Tableau, PyTorch, DAX, TensorFlow, AWS",2026-04-18,We are a technology company focused on data analytics and AI solutions.,994368.5
143,Data Analyst,Finance Inc,Bangalore,376242,1828400,Remote,Lead,200-500,"Azure, Machine Learning, DAX, Docker, Google Cloud",2026-05-29,We are a technology company focused on data analytics and AI solutions.,1102321.0
144,Data Engineer,CloudSystems,Bangalore,478589,1988575,Hybrid,Mid,200-500,"JavaScript, Hadoop, Python, R, Google Cloud, PyTorch",2026-04-05,We are a technology company focused on data analytics and AI solutions.,1233582.0
145,Data Analyst Junior,SmartAnalytics,Mumbai,329257,1680112,Onsite,Mid,50-200,"JavaScript, Google Cloud, DAX",2026-04-20,We are a technology company focused on data analytics and AI solutions.,1004684.5
146,Research Analyst,DataFlow,Hyderabad,780488,1158690,Onsite,Mid,500+,"DAX, Excel, SQL",2026-04-21,We are a technology company focused on data analytics and AI solutions.,969589.0
147,Research Analyst,DataFlow,Bangalore,735423,1739947,Onsite,Entry,200-500,"Power BI, SQL, Airflow",2026-03-13,We are a technology company focused on data analytics and AI solutions.,1237685.0
148,Senior Data Analyst,Finance Inc,Mumbai,444353,879973,Hybrid,Mid,200-500,"Power BI, DAX, Google Cloud",2026-05-17,We are a technology company focused on data analytics and AI solutions.,662163.0
149,BI Developer,Digital Solutions,Bangalore,623390,1434122,Hybrid,Mid,500+,"PyTorch, JavaScript, Kubernetes, Spark, R, Machine Learning",2026-03-31,We are a technology company focused on data analytics and AI solutions.,1028756.0
150,Data Analyst Junior,TechVision,Bangalore,563579,1848173,Hybrid,Mid,50-200,"Azure, Google Cloud, Python, TensorFlow, SQL, Kubernetes",2026-05-10,We are a technology company focused on data analytics and AI solutions.,1205876.0
151,Data Analyst Junior,StartupXYZ,Delhi,529947,1087681,Onsite,Mid,200-500,"SQL, Airflow, Docker, JavaScript, Power BI, Tableau",2026-05-08,We are a technology company focused on data analytics and AI solutions.,808814.0
152,Marketing Analyst,InfoTech,Delhi,531758,1294509,Remote,Lead,10-50,"PyTorch, Spark, Power BI",2026-05-28,We are a technology company focused on data analytics and AI solutions.,913133.5
153,Business Analyst,DataFlow,Hyderabad,391357,1025049,Hybrid,Senior,50-200,"Python, DAX, R, JavaScript",2026-04-21,We are a technology company focused on data analytics and AI solutions.,708203.0
154,Research Analyst,StartupXYZ,Chennai,457732,966703,Onsite,Mid,50-200,"Excel, Tableau, Visualization, DAX, Azure, Hadoop",2026-05-06,We are a technology company focused on data analytics and AI solutions.,712217.5
155,Data Analyst,DataFlow,Bangalore,698300,1564357,Hybrid,Mid,500+,"Kubernetes, AWS, Tableau, PyTorch",2026-04-21,We are a technology company focused on data analytics and AI solutions.,1131328.5
156,ML Engineer,ResearchLab,Delhi,775413,1547419,Hybrid,Mid,500+,"AWS, Python, Power BI, Google Cloud, PyTorch",2026-04-29,We are a technology company focused on data analytics and AI solutions.,1161416.0
157,ML Engineer,TechVision,Mumbai,706723,1879924,Hybrid,Entry,200-500,"Google Cloud, AWS, R, DAX, Kubernetes, Tableau",2026-05-16,We are a technology company focused on data analytics and AI solutions.,1293323.5
158,Data Engineer,ResearchLab,Kolkata,503667,935832,Remote,Mid,200-500,"R, Python, SQL, Google Cloud, TensorFlow",2026-05-29,We are a technology company focused on data analytics and AI solutions.,719749.5
159,Research Analyst,Analytics Pro,Delhi,383807,1083780,Hybrid,Entry,50-200,"Python, Tableau, Google Cloud, Azure, Docker, Visualization",2026-05-10,We are a technology company focused on data analytics and AI solutions.,733793.5
160,Research Analyst,DataFlow,Delhi,738755,1902127,Remote,Mid,500+,"Power BI, SQL, Google Cloud, Hadoop, Excel, Docker",2026-05-04,We are a technology company focused on data analytics and AI solutions.,1320441.0
161,Senior Data Analyst,CloudSystems,Delhi,678097,1204772,Remote,Mid,50-200,"Airflow, Kubernetes, Hadoop, Tableau, Docker",2026-05-26,We are a technology company focused on data analytics and AI solutions.,941434.5
162,ML Engineer,CloudSystems,Hyderabad,438563,1371107,Remote,Entry,50-200,"Azure, Excel, AWS, Tableau, Docker",2026-03-12,We are a technology company focused on data analytics and AI solutions.,904835.0
163,Research Analyst,ResearchLab,Hyderabad,558778,1808559,Onsite,Lead,10-50,"PyTorch, Google Cloud, Power BI, AWS, Azure, JavaScript",2026-03-22,We are a technology company focused on data analytics and AI solutions.,1183668.5
164,Senior Data Analyst,DataFirst,Delhi,481264,1220182,Remote,Senior,200-500,"Kubernetes, Machine Learning, Python",2026-04-28,We are a technology company focused on data analytics and AI solutions.,850723.0
165,Business Analyst,SmartAnalytics,Bangalore,773611,1482347,Hybrid,Senior,200-500,"PyTorch, Visualization, Python, R, Spark, Tableau",2026-05-08,We are a technology company focused on data analytics and AI solutions.,1127979.0
166,Product Analyst,CloudSystems,Delhi,685941,1822378,Remote,Mid,50-200,"Spark, R, PyTorch, Tableau",2026-05-22,We are a technology company focused on data analytics and AI solutions.,1254159.5
167,Marketing Analyst,DataFlow,Hyderabad,626032,1513708,Onsite,Senior,10-50,"TensorFlow, Airflow, Visualization, Python, Docker, Kubernetes",2026-04-24,We are a technology company focused on data analytics and AI solutions.,1069870.0
168,Data Scientist,Finance Inc,Mumbai,373609,1348884,Remote,Entry,200-500,"SQL, TensorFlow, AWS, Power BI, Python, DAX",2026-03-30,We are a technology company focused on data analytics and AI solutions.,861246.5
169,Data Analyst Junior,ResearchLab,Bangalore,571221,1650538,Hybrid,Senior,10-50,"Power BI, Visualization, PyTorch, Hadoop, TensorFlow, Excel",2026-03-11,We are a technology company focused on data analytics and AI solutions.,1110879.5
170,BI Developer,Analytics Pro,Bangalore,548512,1825014,Onsite,Entry,200-500,"Excel, R, Python, Airflow",2026-05-11,We are a technology company focused on data analytics and AI solutions.,1186763.0
171,Data Engineer,InfoTech,Mumbai,553973,1787471,Onsite,Senior,500+,"Kubernetes, Power BI, DAX, Hadoop, SQL",2026-04-21,We are a technology company focused on data analytics and AI solutions.,1170722.0
172,Product Analyst,InfoTech,Bangalore,583097,859182,Remote,Entry,50-200,"Spark, Kubernetes, Machine Learning, Visualization, JavaScript",2026-04-05,We are a technology company focused on data analytics and AI solutions.,721139.5
173,Marketing Analyst,AI Solutions,Mumbai,770135,1149307,Onsite,Senior,10-50,"R, PyTorch, Visualization",2026-05-26,We are a technology company focused on data analytics and AI solutions.,959721.0
174,Marketing Analyst,SmartAnalytics,Bangalore,676826,1101454,Hybrid,Senior,200-500,"DAX, Hadoop, Tableau",2026-06-02,We are a technology company focused on data analytics and AI solutions.,889140.0
175,Marketing Analyst,Digital Solutions,Bangalore,630033,1988554,Hybrid,Entry,200-500,"R, Hadoop, Machine Learning, PyTorch, TensorFlow",2026-04-09,We are a technology company focused on data analytics and AI solutions.,1309293.5
176,Marketing Analyst,TechVision,Delhi,454893,1623346,Remote,Mid,50-200,"Spark, Google Cloud, Airflow, JavaScript",2026-05-05,We are a technology company focused on data analytics and AI solutions.,1039119.5
177,ML Engineer,CloudSystems,Hyderabad,730783,1696782,Remote,Lead,500+,"SQL, R, Spark, PyTorch, Kubernetes, Google Cloud",2026-05-13,We are a technology company focused on data analytics and AI solutions.,1213782.5
178,Senior Data Analyst,CloudSystems,Mumbai,415374,1570188,Onsite,Mid,10-50,"Spark, Google Cloud, Excel, Python, PyTorch, JavaScript",2026-03-21,We are a technology company focused on data analytics and AI solutions.,992781.0
179,Data Analyst Junior,Digital Solutions,Mumbai,324860,1058517,Hybrid,Senior,50-200,"Hadoop, R, Machine Learning",2026-03-15,We are a technology company focused on data analytics and AI solutions.,691688.5
180,Research Analyst,Tech Corp,Delhi,452267,1755154,Hybrid,Mid,200-500,"Machine Learning, Azure, Spark, AWS, Google Cloud",2026-05-22,We are a technology company focused on data analytics and AI solutions.,1103710.5
181,Marketing Analyst,Analytics Pro,Mumbai,377475,937084,Onsite,Mid,500+,"Excel, Hadoop, Azure, Google Cloud",2026-03-25,We are a technology company focused on data analytics and AI solutions.,657279.5
182,BI Developer,ProductCo,Pune,784090,1505475,Onsite,Entry,10-50,"Tableau, Hadoop, Python",2026-05-19,We are a technology company focused on data analytics and AI solutions.,1144782.5
183,Research Analyst,ResearchLab,Gurgaon,649410,1382004,Remote,Entry,200-500,"Excel, Kubernetes, AWS, Google Cloud",2026-04-20,We are a technology company focused on data analytics and AI solutions.,1015707.0
184,Data Analyst,DataFirst,Bangalore,452499,1680179,Hybrid,Senior,50-200,"Google Cloud, PyTorch, Tableau, Machine Learning, Kubernetes",2026-03-31,We are a technology company focused on data analytics and AI solutions.,1066339.0
185,Data Analyst,Analytics Pro,Bangalore,662876,1548013,Remote,Mid,50-200,"Power BI, Google Cloud, TensorFlow, Python, Excel, Machine Learning",2026-05-24,We are a technology company focused on data analytics and AI solutions.,1105444.5
186,BI Developer,MegaCorp,Bangalore,589227,1491738,Onsite,Mid,10-50,"PyTorch, Excel, Kubernetes",2026-03-26,We are a technology company focused on data analytics and AI solutions.,1040482.5
187,Senior Data Analyst,CloudSystems,Bangalore,518118,944539,Hybrid,Mid,500+,"DAX, Python, Spark, R",2026-05-15,We are a technology company focused on data analytics and AI solutions.,731328.5
188,BI Developer,TechVision,Mumbai,619516,1224226,Onsite,Mid,10-50,"Machine Learning, Google Cloud, Visualization, PyTorch",2026-04-02,We are a technology company focused on data analytics and AI solutions.,921871.0
189,ML Engineer,AI Solutions,Chennai,423786,1970575,Remote,Senior,50-200,"Excel, Azure, Power BI",2026-05-23,We are a technology company focused on data analytics and AI solutions.,1197180.5
190,BI Developer,InfoTech,Hyderabad,737280,1963369,Remote,Lead,50-200,"Visualization, JavaScript, Power BI, Excel",2026-04-03,We are a technology company focused on data analytics and AI solutions.,1350324.5
191,Business Analyst,CloudSystems,Hyderabad,307813,812289,Remote,Mid,500+,"Spark, Google Cloud, Machine Learning, R",2026-04-23,We are a technology company focused on data analytics and AI solutions.,560051.0
192,Research Analyst,AI Solutions,Bangalore,331598,1500336,Remote,Senior,200-500,"JavaScript, Docker, R, Tableau, Power BI",2026-03-13,We are a technology company focused on data analytics and AI solutions.,915967.0
193,Product Analyst,DataFlow,Delhi,557951,1498956,Remote,Senior,200-500,"Kubernetes, Hadoop, Azure, Spark, Airflow",2026-03-27,We are a technology company focused on data analytics and AI solutions.,1028453.5
194,Analytics Manager,Analytics Pro,Mumbai,393106,886365,Onsite,Mid,50-200,"Kubernetes, Power BI, DAX, R, Tableau, Spark",2026-04-07,We are a technology company focused on data analytics and AI solutions.,639735.5
195,Senior Data Analyst,DataFlow,Hyderabad,589226,1554950,Remote,Lead,200-500,"SQL, Hadoop, Google Cloud, R, JavaScript, PyTorch",2026-05-30,We are a technology company focused on data analytics and AI solutions.,1072088.0
196,BI Developer,ProductCo,Chennai,591385,975211,Remote,Entry,50-200,"Power BI, Airflow, Kubernetes, Python, JavaScript",2026-05-08,We are a technology company focused on data analytics and AI solutions.,783298.0
197,Data Engineer,Finance Inc,Pune,527286,1921164,Onsite,Entry,200-500,"Spark, Power BI, JavaScript, Machine Learning, Azure",2026-05-07,We are a technology company focused on data analytics and AI solutions.,1224225.0
198,Data Analyst,MegaCorp,Hyderabad,737785,863646,Hybrid,Senior,500+,"Spark, Docker, R, Power BI",2026-05-09,We are a technology company focused on data analytics and AI solutions.,800715.5
199,Business Analyst,Analytics Pro,Mumbai,311745,1065798,Onsite,Mid,10-50,"PyTorch, Google Cloud, Spark, Docker, Python",2026-04-16,We are a technology company focused on data analytics and AI solutions.,688771.5
200,Data Analyst Junior,Tech Corp,Delhi,588173,1529532,Remote,Senior,200-500,"Machine Learning, Python, Kubernetes, Excel, Power BI, Tableau",2026-05-14,We are a technology company focused on data analytics and AI solutions.,1058852.5
201,Marketing Analyst,ProductCo,Bangalore,444097,1723945,Hybrid,Senior,10-50,"Kubernetes, Machine Learning, JavaScript, Visualization, R, Excel",2026-06-03,We are a technology company focused on data analytics and AI solutions.,1084021.0
202,Analytics Manager,StartupXYZ,Hyderabad,532732,1968311,Remote,Entry,50-200,"Azure, R, JavaScript",2026-04-07,We are a technology company focused on data analytics and AI solutions.,1250521.5
203,Senior Data Analyst,Tech Corp,Hyderabad,685539,955683,Remote,Senior,50-200,"DAX, Spark, Azure, Kubernetes",2026-03-17,We are a technology company focused on data analytics and AI solutions.,820611.0
204,Product Analyst,SmartAnalytics,Hyderabad,445360,1706323,Onsite,Mid,50-200,"Hadoop, JavaScript, AWS, Machine Learning, Docker, Power BI",2026-04-10,We are a technology company focused on data analytics and AI solutions.,1075841.5
205,Analytics Manager,ResearchLab,Pune,389186,1432259,Remote,Mid,50-200,"Airflow, Kubernetes, Azure, PyTorch, Google Cloud, DAX",2026-03-15,We are a technology company focused on data analytics and AI solutions.,910722.5
206,BI Developer,TechVision,Chennai,699756,1336437,Hybrid,Mid,200-500,"Excel, JavaScript, Python, Visualization",2026-05-09,We are a technology company focused on data analytics and AI solutions.,1018096.5
207,ML Engineer,Analytics Pro,Hyderabad,659912,1366956,Hybrid,Senior,50-200,"Docker, R, Machine Learning, DAX, SQL",2026-03-12,We are a technology company focused on data analytics and AI solutions.,1013434.0
208,Data Analyst,StartupXYZ,Bangalore,513030,1794170,Remote,Entry,200-500,"Python, Hadoop, Spark, Airflow",2026-05-10,We are a technology company focused on data analytics and AI solutions.,1153600.0
209,Data Analyst,StartupXYZ,Hyderabad,499950,1412492,Onsite,Mid,50-200,"Hadoop, Machine Learning, Visualization, SQL",2026-03-19,We are a technology company focused on data analytics and AI solutions.,956221.0
210,Data Analyst Junior,ProductCo,Hyderabad,341846,1011830,Remote,Mid,10-50,"TensorFlow, Kubernetes, Google Cloud, Python, Machine Learning",2026-05-02,We are a technology company focused on data analytics and AI solutions.,676838.0
211,ML Engineer,Digital Solutions,Pune,794364,965140,Hybrid,Senior,200-500,"Kubernetes, AWS, PyTorch, Azure, JavaScript, Airflow",2026-03-07,We are a technology company focused on data analytics and AI solutions.,879752.0
212,Marketing Analyst,SmartAnalytics,Bangalore,638076,1989083,Onsite,Mid,50-200,"AWS, Excel, TensorFlow, Spark, Power BI, JavaScript",2026-03-24,We are a technology company focused on data analytics and AI solutions.,1313579.5
213,Research Analyst,Finance Inc,Bangalore,448554,1025160,Hybrid,Entry,50-200,"Visualization, DAX, Docker, Python, Tableau, Airflow",2026-03-27,We are a technology company focused on data analytics and AI solutions.,736857.0
214,Data Scientist,Analytics Pro,Bangalore,585555,1361672,Onsite,Entry,200-500,"R, Visualization, Google Cloud",2026-05-29,We are a technology company focused on data analytics and AI solutions.,973613.5
215,Business Analyst,Digital Solutions,Mumbai,744191,1321998,Remote,Mid,50-200,"SQL, Python, Docker, Google Cloud",2026-05-12,We are a technology company focused on data analytics and AI solutions.,1033094.5
216,Data Analyst,ProductCo,Bangalore,753761,1406217,Hybrid,Senior,10-50,"R, Tableau, Visualization",2026-05-05,We are a technology company focused on data analytics and AI solutions.,1079989.0
217,Data Engineer,ResearchLab,Delhi,640941,875388,Remote,Entry,50-200,"TensorFlow, Spark, SQL, Docker, JavaScript",2026-03-18,We are a technology company focused on data analytics and AI solutions.,758164.5
218,Data Analyst,InfoTech,Hyderabad,614451,1355689,Onsite,Entry,500+,"TensorFlow, Kubernetes, Excel, Power BI, Hadoop, Azure",2026-04-11,We are a technology company focused on data analytics and AI solutions.,985070.0
219,Analytics Manager,CloudSystems,Delhi,696309,1318727,Onsite,Lead,200-500,"Docker, TensorFlow, Azure",2026-03-09,We are a technology company focused on data analytics and AI solutions.,1007518.0
220,Data Analyst,CloudSystems,Mumbai,770474,1032601,Remote,Entry,200-500,"R, Python, Airflow, Docker, Google Cloud, Azure",2026-05-24,We are a technology company focused on data analytics and AI solutions.,901537.5
221,Senior Data Analyst,Finance Inc,Hyderabad,584186,1976410,Hybrid,Lead,200-500,"Excel, DAX, JavaScript, AWS, Kubernetes",2026-05-04,We are a technology company focused on data analytics and AI solutions.,1280298.0
222,Data Analyst,ResearchLab,Bangalore,352930,1882660,Remote,Mid,10-50,"DAX, Hadoop, Google Cloud",2026-05-29,We are a technology company focused on data analytics and AI solutions.,1117795.0
223,Data Scientist,DataFirst,Pune,548656,905111,Hybrid,Senior,50-200,"SQL, Docker, Excel, AWS",2026-05-24,We are a technology company focused on data analytics and AI solutions.,726883.5
224,Data Scientist,Finance Inc,Gurgaon,737629,1229667,Hybrid,Entry,200-500,"Docker, Kubernetes, R, Tableau, SQL, Excel",2026-03-19,We are a technology company focused on data analytics and AI solutions.,983648.0
225,Marketing Analyst,Analytics Pro,Bangalore,544459,962982,Onsite,Entry,10-50,"Tableau, Machine Learning, Spark",2026-05-23,We are a technology company focused on data analytics and AI solutions.,753720.5
226,Product Analyst,Analytics Pro,Bangalore,524695,1098185,Hybrid,Senior,50-200,"SQL, Kubernetes, Spark",2026-03-30,We are a technology company focused on data analytics and AI solutions.,811440.0
227,Research Analyst,AI Solutions,Chennai,660027,1034386,Remote,Senior,50-200,"Azure, R, Kubernetes, Google Cloud, AWS",2026-04-12,We are a technology company focused on data analytics and AI solutions.,847206.5
228,Data Engineer,Digital Solutions,Mumbai,595900,1261792,Remote,Senior,50-200,"Machine Learning, DAX, AWS, Hadoop, Tableau, Excel",2026-04-29,We are a technology company focused on data analytics and AI solutions.,928846.0
229,Data Analyst,DataFirst,Hyderabad,353268,1301174,Remote,Entry,500+,"Python, Tableau, PyTorch, JavaScript",2026-05-18,We are a technology company focused on data analytics and AI solutions.,827221.0
230,Data Analyst,CloudSystems,Chennai,732430,1584625,Remote,Senior,10-50,"DAX, R, Excel, SQL, TensorFlow, Visualization",2026-05-07,We are a technology company focused on data analytics and AI solutions.,1158527.5
231,Business Analyst,StartupXYZ,Bangalore,512943,1451844,Remote,Senior,50-200,"Visualization, JavaScript, R",2026-05-13,We are a technology company focused on data analytics and AI solutions.,982393.5
232,Data Scientist,Digital Solutions,Mumbai,558916,995246,Onsite,Mid,10-50,"Airflow, Hadoop, Kubernetes, AWS",2026-05-28,We are a technology company focused on data analytics and AI solutions.,777081.0
233,Data Engineer,MegaCorp,Hyderabad,721818,1046242,Hybrid,Senior,500+,"R, JavaScript, Excel, TensorFlow, Hadoop",2026-05-20,We are a technology company focused on data analytics and AI solutions.,884030.0
234,Marketing Analyst,Analytics Pro,Hyderabad,484403,1311083,Hybrid,Senior,10-50,"Spark, Excel, Hadoop, R",2026-05-24,We are a technology company focused on data analytics and AI solutions.,897743.0
235,Data Analyst Junior,SmartAnalytics,Bangalore,348901,817633,Remote,Mid,50-200,"Machine Learning, SQL, Kubernetes, Docker, Tableau, Airflow",2026-05-11,We are a technology company focused on data analytics and AI solutions.,583267.0
236,Product Analyst,TechVision,Delhi,662130,1812384,Onsite,Entry,200-500,"Machine Learning, PyTorch, Hadoop",2026-03-29,We are a technology company focused on data analytics and AI solutions.,1237257.0
237,Research Analyst,ResearchLab,Bangalore,494488,1666964,Onsite,Mid,200-500,"Power BI, Python, Docker, Azure, Google Cloud",2026-05-05,We are a technology company focused on data analytics and AI solutions.,1080726.0
238,ML Engineer,Tech Corp,Bangalore,463268,849104,Remote,Entry,50-200,"Kubernetes, Docker, Spark, Airflow, R",2026-03-26,We are a technology company focused on data analytics and AI solutions.,656186.0
239,Research Analyst,Finance Inc,Hyderabad,690530,1759125,Onsite,Mid,50-200,"AWS, TensorFlow, Airflow",2026-03-30,We are a technology company focused on data analytics and AI solutions.,1224827.5
240,Senior Data Analyst,Analytics Pro,Bangalore,567770,1663663,Hybrid,Mid,50-200,"Azure, Airflow, Excel",2026-04-04,We are a technology company focused on data analytics and AI solutions.,1115716.5
241,Analytics Manager,Digital Solutions,Kolkata,438496,1916964,Remote,Entry,50-200,"Machine Learning, R, Airflow, TensorFlow, SQL, Azure",2026-03-18,We are a technology company focused on data analytics and AI solutions.,1177730.0
242,Senior Data Analyst,DataFirst,Bangalore,575001,1941154,Hybrid,Mid,10-50,"Machine Learning, SQL, Kubernetes, Power BI",2026-04-24,We are a technology company focused on data analytics and AI solutions.,1258077.5
243,Data Analyst,TechVision,Mumbai,541531,1489115,Hybrid,Entry,50-200,"Airflow, Kubernetes, Machine Learning, Visualization, Excel, JavaScript",2026-03-14,We are a technology company focused on data analytics and AI solutions.,1015323.0
244,Product Analyst,SmartAnalytics,Pune,546693,1364678,Remote,Senior,50-200,"Azure, Kubernetes, Visualization, Power BI, Excel, Hadoop",2026-04-14,We are a technology company focused on data analytics and AI solutions.,955685.5
245,Analytics Manager,Digital Solutions,Mumbai,713198,1940234,Onsite,Senior,50-200,"Spark, Tableau, Hadoop, PyTorch",2026-04-21,We are a technology company focused on data analytics and AI solutions.,1326716.0
246,Data Engineer,Tech Corp,Hyderabad,770177,857993,Onsite,Entry,200-500,"Python, Hadoop, Kubernetes, Airflow",2026-05-22,We are a technology company focused on data analytics and AI solutions.,814085.0
247,ML Engineer,TechVision,Bangalore,695196,1005768,Hybrid,Lead,500+,"Tableau, JavaScript, DAX, Python, Machine Learning",2026-05-23,We are a technology company focused on data analytics and AI solutions.,850482.0
248,Data Scientist,MegaCorp,Bangalore,479362,1571148,Hybrid,Mid,200-500,"Airflow, Azure, AWS, TensorFlow",2026-03-14,We are a technology company focused on data analytics and AI solutions.,1025255.0
249,Product Analyst,Tech Corp,Bangalore,326431,1822460,Hybrid,Entry,10-50,"AWS, Azure, PyTorch",2026-05-26,We are a technology company focused on data analytics and AI solutions.,1074445.5
250,Product Analyst,ProductCo,Bangalore,647120,1593853,Hybrid,Entry,10-50,"Power BI, Google Cloud, AWS, Airflow, Machine Learning",2026-03-11,We are a technology company focused on data analytics and AI solutions.,1120486.5
251,Senior Data Analyst,DataFlow,Pune,538360,1542296,Hybrid,Mid,500+,"Spark, Google Cloud, Hadoop, Visualization, Machine Learning",2026-04-17,We are a technology company focused on data analytics and AI solutions.,1040328.0
252,Data Analyst,ProductCo,Bangalore,644855,1342015,Remote,Senior,50-200,"PyTorch, SQL, Power BI, DAX, Spark, Airflow",2026-04-16,We are a technology company focused on data analytics and AI solutions.,993435.0
253,BI Developer,CloudSystems,Bangalore,326385,1698850,Hybrid,Senior,10-50,"Excel, Docker, Machine Learning, DAX",2026-04-12,We are a technology company focused on data analytics and AI solutions.,1012617.5
254,Marketing Analyst,Digital Solutions,Mumbai,731374,1057681,Onsite,Entry,50-200,"Machine Learning, Visualization, JavaScript",2026-04-09,We are a technology company focused on data analytics and AI solutions.,894527.5
255,Senior Data Analyst,Analytics Pro,Bangalore,716235,894018,Hybrid,Entry,200-500,"JavaScript, PyTorch, Kubernetes, Azure",2026-04-25,We are a technology company focused on data analytics and AI solutions.,805126.5
256,Product Analyst,Analytics Pro,Pune,580783,1029104,Remote,Mid,200-500,"Google Cloud, TensorFlow, AWS, Python",2026-05-11,We are a technology company focused on data analytics and AI solutions.,804943.5
257,Business Analyst,Analytics Pro,Mumbai,385530,1642186,Onsite,Entry,50-200,"Machine Learning, Kubernetes, Excel, AWS",2026-03-24,We are a technology company focused on data analytics and AI solutions.,1013858.0
258,ML Engineer,SmartAnalytics,Bangalore,530983,993510,Remote,Entry,10-50,"AWS, Hadoop, PyTorch, Power BI",2026-05-02,We are a technology company focused on data analytics and AI solutions.,762246.5
259,Marketing Analyst,DataFlow,Delhi,583707,1958423,Remote,Entry,500+,"Airflow, Docker, TensorFlow, Visualization, R",2026-05-12,We are a technology company focused on data analytics and AI solutions.,1271065.0
260,Senior Data Analyst,ProductCo,Mumbai,732557,1254162,Remote,Senior,50-200,"Visualization, Hadoop, TensorFlow, Tableau, Python, Power BI",2026-03-19,We are a technology company focused on data analytics and AI solutions.,993359.5
261,ML Engineer,DataFlow,Mumbai,677816,1624899,Remote,Senior,200-500,"TensorFlow, Spark, DAX, JavaScript, Python",2026-04-11,We are a technology company focused on data analytics and AI solutions.,1151357.5
262,Business Analyst,InfoTech,Bangalore,698992,1735129,Onsite,Mid,200-500,"Kubernetes, DAX, SQL, Google Cloud",2026-04-12,We are a technology company focused on data analytics and AI solutions.,1217060.5
263,Data Analyst Junior,Digital Solutions,Bangalore,729660,1924905,Hybrid,Senior,200-500,"Machine Learning, PyTorch, Hadoop, Airflow, Visualization, Kubernetes",2026-04-16,We are a technology company focused on data analytics and AI solutions.,1327282.5
264,Business Analyst,DataFlow,Delhi,762132,1879583,Remote,Mid,50-200,"Hadoop, Docker, R, Visualization, JavaScript, Kubernetes",2026-03-18,We are a technology company focused on data analytics and AI solutions.,1320857.5
265,Business Analyst,StartupXYZ,Hyderabad,701927,1808806,Onsite,Mid,50-200,"AWS, TensorFlow, R",2026-03-18,We are a technology company focused on data analytics and AI solutions.,1255366.5
266,ML Engineer,Finance Inc,Bangalore,505390,1494892,Onsite,Entry,50-200,"Python, SQL, PyTorch, Azure, Airflow",2026-03-16,We are a technology company focused on data analytics and AI solutions.,1000141.0
267,Research Analyst,Finance Inc,Hyderabad,645114,1860899,Onsite,Mid,500+,"Excel, TensorFlow, PyTorch, Visualization, SQL, Docker",2026-04-16,We are a technology company focused on data analytics and AI solutions.,1253006.5
268,ML Engineer,StartupXYZ,Delhi,543373,1697767,Remote,Lead,500+,"Docker, TensorFlow, PyTorch, Excel, Power BI",2026-04-05,We are a technology company focused on data analytics and AI solutions.,1120570.0
269,BI Developer,TechVision,Bangalore,647697,1960932,Hybrid,Mid,10-50,"Azure, Spark, AWS, Visualization, Docker, Machine Learning",2026-03-31,We are a technology company focused on data analytics and AI solutions.,1304314.5
270,Data Analyst,AI Solutions,Chennai,461779,1435232,Onsite,Mid,10-50,"Airflow, SQL, Tableau",2026-05-03,We are a technology company focused on data analytics and AI solutions.,948505.5
271,Analytics Manager,SmartAnalytics,Mumbai,470182,1004451,Onsite,Mid,500+,"R, Excel, Machine Learning",2026-03-17,We are a technology company focused on data analytics and AI solutions.,737316.5
272,Research Analyst,TechVision,Pune,492860,1355655,Remote,Entry,200-500,"JavaScript, Tableau, Spark",2026-05-14,We are a technology company focused on data analytics and AI solutions.,924257.5
273,Data Scientist,Tech Corp,Kolkata,382879,1903200,Remote,Senior,500+,"Google Cloud, Docker, JavaScript",2026-05-17,We are a technology company focused on data analytics and AI solutions.,1143039.5
274,Analytics Manager,DataFirst,Pune,732043,1203322,Hybrid,Mid,10-50,"Visualization, Azure, Docker",2026-04-05,We are a technology company focused on data analytics and AI solutions.,967682.5
275,Data Analyst,SmartAnalytics,Pune,538260,868008,Onsite,Mid,50-200,"Hadoop, Excel, Kubernetes, Machine Learning, PyTorch, Python",2026-05-22,We are a technology company focused on data analytics and AI solutions.,703134.0
276,Senior Data Analyst,SmartAnalytics,Bangalore,698871,1177539,Hybrid,Mid,200-500,"JavaScript, Machine Learning, Power BI, SQL, R, TensorFlow",2026-05-11,We are a technology company focused on data analytics and AI solutions.,938205.0
277,Marketing Analyst,Tech Corp,Mumbai,607003,916492,Hybrid,Mid,200-500,"Power BI, Airflow, Tableau, Machine Learning, JavaScript, R",2026-05-05,We are a technology company focused on data analytics and AI solutions.,761747.5
278,BI Developer,DataFlow,Bangalore,746841,872240,Remote,Entry,50-200,"Google Cloud, Machine Learning, Excel",2026-06-02,We are a technology company focused on data analytics and AI solutions.,809540.5
279,BI Developer,ProductCo,Hyderabad,614242,1786753,Hybrid,Mid,10-50,"Excel, JavaScript, TensorFlow",2026-03-13,We are a technology company focused on data analytics and AI solutions.,1200497.5
280,Data Scientist,ProductCo,Bangalore,446323,1525947,Onsite,Entry,50-200,"PyTorch, Machine Learning, DAX, Python, Power BI, Google Cloud",2026-05-10,We are a technology company focused on data analytics and AI solutions.,986135.0
281,Research Analyst,Finance Inc,Mumbai,422413,1072900,Hybrid,Senior,50-200,"Kubernetes, Power BI, Tableau, TensorFlow, Docker",2026-04-15,We are a technology company focused on data analytics and AI solutions.,747656.5
282,Data Analyst Junior,ResearchLab,Bangalore,562670,1261227,Onsite,Senior,50-200,"DAX, Visualization, R, SQL",2026-05-21,We are a technology company focused on data analytics and AI solutions.,911948.5
283,Business Analyst,TechVision,Mumbai,630904,935327,Onsite,Senior,500+,"PyTorch, Google Cloud, Azure, TensorFlow, Airflow",2026-05-29,We are a technology company focused on data analytics and AI solutions.,783115.5
284,Research Analyst,InfoTech,Chennai,347837,1449991,Remote,Mid,50-200,"Power BI, Hadoop, Visualization, Python, TensorFlow, Spark",2026-03-20,We are a technology company focused on data analytics and AI solutions.,898914.0
285,Marketing Analyst,Digital Solutions,Mumbai,560550,1642981,Hybrid,Mid,200-500,"PyTorch, Machine Learning, Kubernetes, Tableau",2026-03-12,We are a technology company focused on data analytics and AI solutions.,1101765.5
286,Data Analyst Junior,CloudSystems,Delhi,573680,965575,Remote,Entry,10-50,"Spark, Visualization, Azure, R",2026-03-09,We are a technology company focused on data analytics and AI solutions.,769627.5
287,BI Developer,MegaCorp,Pune,328541,1843445,Onsite,Senior,200-500,"Airflow, DAX, JavaScript, Visualization, Python",2026-05-05,We are a technology company focused on data analytics and AI solutions.,1085993.0
288,ML Engineer,ProductCo,Kolkata,379083,1293948,Hybrid,Entry,500+,"Excel, R, Azure, PyTorch",2026-05-05,We are a technology company focused on data analytics and AI solutions.,836515.5
289,Marketing Analyst,Digital Solutions,Mumbai,744243,1029189,Hybrid,Mid,10-50,"Power BI, Tableau, Visualization, Spark, SQL, PyTorch",2026-04-27,We are a technology company focused on data analytics and AI solutions.,886716.0
290,Data Analyst,MegaCorp,Pune,334531,1198465,Onsite,Entry,10-50,"Azure, DAX, Excel, R, AWS, JavaScript",2026-04-07,We are a technology company focused on data analytics and AI solutions.,766498.0
291,Data Scientist,Digital Solutions,Gurgaon,570856,1051051,Hybrid,Entry,50-200,"R, SQL, Hadoop, Excel",2026-04-24,We are a technology company focused on data analytics and AI solutions.,810953.5
292,Data Analyst,DataFlow,Gurgaon,666245,1736705,Onsite,Mid,10-50,"PyTorch, Google Cloud, Visualization, Excel, Machine Learning, R",2026-04-08,We are a technology company focused on data analytics and AI solutions.,1201475.0
293,Marketing Analyst,MegaCorp,Hyderabad,627599,1449829,Hybrid,Entry,200-500,"Excel, SQL, Power BI",2026-04-29,We are a technology company focused on data analytics and AI solutions.,1038714.0
294,Data Engineer,CloudSystems,Bangalore,374744,1513936,Remote,Senior,500+,"Tableau, R, DAX, Docker",2026-04-01,We are a technology company focused on data analytics and AI solutions.,944340.0
295,Data Engineer,Digital Solutions,Bangalore,552859,1580641,Hybrid,Mid,50-200,"Excel, AWS, JavaScript",2026-05-19,We are a technology company focused on data analytics and AI solutions.,1066750.0
296,Senior Data Analyst,StartupXYZ,Hyderabad,429749,1071830,Onsite,Entry,50-200,"Hadoop, SQL, Machine Learning, Airflow, Python, PyTorch",2026-03-08,We are a technology company focused on data analytics and AI solutions.,750789.5
297,Research Analyst,CloudSystems,Mumbai,567253,1115507,Remote,Mid,50-200,"PyTorch, SQL, TensorFlow, Airflow, Visualization, Azure",2026-03-18,We are a technology company focused on data analytics and AI solutions.,841380.0
298,BI Developer,MegaCorp,Delhi,611412,1159687,Onsite,Entry,200-500,"R, Excel, Hadoop",2026-03-24,We are a technology company focused on data analytics and AI solutions.,885549.5
299,BI Developer,CloudSystems,Pune,531809,1254179,Onsite,Entry,10-50,"Hadoop, Docker, JavaScript, DAX, Tableau",2026-05-21,We are a technology company focused on data analytics and AI solutions.,892994.0
300,Business Analyst,Digital Solutions,Hyderabad,616759,1830596,Remote,Senior,50-200,"AWS, Machine Learning, Power BI, Kubernetes, Azure",2026-05-04,We are a technology company focused on data analytics and AI solutions.,1223677.5
301,Business Analyst,AI Solutions,Chennai,382503,842828,Onsite,Entry,200-500,"JavaScript, Azure, PyTorch",2026-03-30,We are a technology company focused on data analytics and AI solutions.,612665.5
302,Business Analyst,Digital Solutions,Mumbai,554346,1635036,Remote,Senior,200-500,"TensorFlow, Docker, Kubernetes, Machine Learning, AWS",2026-03-28,We are a technology company focused on data analytics and AI solutions.,1094691.0
303,ML Engineer,Digital Solutions,Delhi,722975,1072670,Remote,Entry,10-50,"Machine Learning, Hadoop, Docker, Power BI, AWS, Google Cloud",2026-03-31,We are a technology company focused on data analytics and AI solutions.,897822.5
304,Analytics Manager,DataFlow,Chennai,385708,1874168,Remote,Entry,200-500,"Kubernetes, R, PyTorch, TensorFlow, AWS",2026-04-10,We are a technology company focused on data analytics and AI solutions.,1129938.0
305,Product Analyst,TechVision,Mumbai,491184,1091126,Onsite,Senior,10-50,"Azure, SQL, PyTorch, Tableau, Docker",2026-03-12,We are a technology company focused on data analytics and AI solutions.,791155.0
306,Analytics Manager,StartupXYZ,Bangalore,402471,1586639,Hybrid,Mid,10-50,"Hadoop, Google Cloud, SQL, Power BI, AWS, Kubernetes",2026-03-18,We are a technology company focused on data analytics and AI solutions.,994555.0
307,Data Analyst,InfoTech,Pune,554225,1554296,Remote,Entry,500+,"TensorFlow, PyTorch, Hadoop",2026-04-25,We are a technology company focused on data analytics and AI solutions.,1054260.5
308,Analytics Manager,ProductCo,Bangalore,457661,924982,Hybrid,Mid,200-500,"AWS, Airflow, DAX, Machine Learning, Power BI, Google Cloud",2026-05-10,We are a technology company focused on data analytics and AI solutions.,691321.5
309,ML Engineer,SmartAnalytics,Hyderabad,461087,1917195,Hybrid,Entry,10-50,"JavaScript, Excel, Spark, Google Cloud, AWS, R",2026-05-10,We are a technology company focused on data analytics and AI solutions.,1189141.0
310,Senior Data Analyst,Tech Corp,Pune,460081,1108623,Remote,Senior,10-50,"Power BI, Spark, TensorFlow, Google Cloud, Tableau",2026-06-01,We are a technology company focused on data analytics and AI solutions.,784352.0
311,Data Analyst,TechVision,Bangalore,645453,1999751,Onsite,Mid,10-50,"Google Cloud, DAX, PyTorch, Azure",2026-03-27,We are a technology company focused on data analytics and AI solutions.,1322602.0
312,Analytics Manager,Tech Corp,Delhi,688590,970963,Onsite,Senior,50-200,"R, Tableau, TensorFlow",2026-05-09,We are a technology company focused on data analytics and AI solutions.,829776.5
313,ML Engineer,DataFlow,Bangalore,493118,1990402,Hybrid,Senior,10-50,"SQL, Airflow, R, TensorFlow, Kubernetes, Hadoop",2026-04-25,We are a technology company focused on data analytics and AI solutions.,1241760.0
314,Product Analyst,StartupXYZ,Pune,668805,1667869,Onsite,Mid,10-50,"Spark, TensorFlow, AWS, Hadoop, JavaScript, Tableau",2026-04-27,We are a technology company focused on data analytics and AI solutions.,1168337.0
315,Analytics Manager,Analytics Pro,Hyderabad,457215,1947116,Hybrid,Senior,50-200,"Power BI, Azure, Hadoop",2026-04-27,We are a technology company focused on data analytics and AI solutions.,1202165.5
316,ML Engineer,Digital Solutions,Kolkata,306154,1659414,Onsite,Mid,200-500,"Power BI, JavaScript, Google Cloud, Airflow",2026-03-28,We are a technology company focused on data analytics and AI solutions.,982784.0
317,Business Analyst,Analytics Pro,Delhi,452876,986994,Hybrid,Lead,200-500,"Spark, SQL, Azure",2026-05-28,We are a technology company focused on data analytics and AI solutions.,719935.0
318,BI Developer,Analytics Pro,Hyderabad,734904,1110375,Hybrid,Entry,200-500,"Hadoop, Spark, Kubernetes, Docker",2026-05-05,We are a technology company focused on data analytics and AI solutions.,922639.5
319,Business Analyst,DataFirst,Mumbai,364288,829301,Remote,Mid,10-50,"Excel, Spark, Docker, Hadoop, PyTorch",2026-05-16,We are a technology company focused on data analytics and AI solutions.,596794.5
320,BI Developer,Finance Inc,Kolkata,351195,1844327,Onsite,Mid,500+,"Excel, Docker, SQL, Airflow, Machine Learning",2026-04-30,We are a technology company focused on data analytics and AI solutions.,1097761.0
321,Data Scientist,Analytics Pro,Bangalore,582725,993783,Hybrid,Mid,200-500,"Machine Learning, Excel, AWS, Kubernetes",2026-05-02,We are a technology company focused on data analytics and AI solutions.,788254.0
322,Data Scientist,ProductCo,Hyderabad,745864,818752,Remote,Mid,200-500,"AWS, JavaScript, R",2026-05-02,We are a technology company focused on data analytics and AI solutions.,782308.0
323,Data Scientist,AI Solutions,Bangalore,592231,1815416,Remote,Senior,200-500,"Spark, TensorFlow, JavaScript, SQL, Machine Learning",2026-03-18,We are a technology company focused on data analytics and AI solutions.,1203823.5
324,Product Analyst,Finance Inc,Bangalore,481002,1537565,Hybrid,Entry,500+,"Python, R, Spark, Visualization",2026-04-27,We are a technology company focused on data analytics and AI solutions.,1009283.5
325,Business Analyst,DataFlow,Delhi,464053,1468755,Hybrid,Entry,50-200,"AWS, Google Cloud, Docker",2026-05-25,We are a technology company focused on data analytics and AI solutions.,966404.0
326,BI Developer,SmartAnalytics,Delhi,369298,1017029,Onsite,Senior,10-50,"Python, DAX, TensorFlow, R, Hadoop",2026-04-08,We are a technology company focused on data analytics and AI solutions.,693163.5
327,ML Engineer,TechVision,Bangalore,608311,1707669,Onsite,Mid,200-500,"Excel, PyTorch, Tableau, Spark",2026-05-07,We are a technology company focused on data analytics and AI solutions.,1157990.0
328,Data Analyst,AI Solutions,Hyderabad,506376,1904849,Remote,Lead,200-500,"Spark, Power BI, Azure, Tableau",2026-03-18,We are a technology company focused on data analytics and AI solutions.,1205612.5
329,ML Engineer,CloudSystems,Mumbai,736624,1968544,Onsite,Senior,200-500,"PyTorch, AWS, Google Cloud, JavaScript",2026-04-27,We are a technology company focused on data analytics and AI solutions.,1352584.0
330,Data Analyst,MegaCorp,Bangalore,339499,1177844,Remote,Lead,50-200,"Machine Learning, Kubernetes, SQL, TensorFlow, PyTorch",2026-05-19,We are a technology company focused on data analytics and AI solutions.,758671.5
331,Data Engineer,DataFirst,Hyderabad,687960,810699,Onsite,Senior,10-50,"Google Cloud, Machine Learning, PyTorch, Power BI, Hadoop",2026-05-14,We are a technology company focused on data analytics and AI solutions.,749329.5
332,ML Engineer,AI Solutions,Chennai,745485,1334003,Onsite,Entry,50-200,"Power BI, R, AWS",2026-05-29,We are a technology company focused on data analytics and AI solutions.,1039744.0
333,Analytics Manager,InfoTech,Delhi,469631,1867745,Hybrid,Entry,500+,"Spark, Google Cloud, TensorFlow",2026-04-24,We are a technology company focused on data analytics and AI solutions.,1168688.0
334,Analytics Manager,Analytics Pro,Delhi,545198,1318652,Onsite,Senior,50-200,"PyTorch, Tableau, Spark, Python, Machine Learning",2026-05-20,We are a technology company focused on data analytics and AI solutions.,931925.0
335,Research Analyst,DataFlow,Pune,767535,918413,Remote,Mid,50-200,"Tableau, Visualization, Excel, Kubernetes, R, Python",2026-06-01,We are a technology company focused on data analytics and AI solutions.,842974.0
336,Business Analyst,ResearchLab,Mumbai,542997,1973057,Hybrid,Entry,50-200,"Visualization, Python, Tableau",2026-04-22,We are a technology company focused on data analytics and AI solutions.,1258027.0
337,Data Analyst,MegaCorp,Pune,788533,1015400,Onsite,Mid,50-200,"Docker, R, Azure, PyTorch, Spark, Machine Learning",2026-04-18,We are a technology company focused on data analytics and AI solutions.,901966.5
338,Data Analyst,Tech Corp,Bangalore,396347,1832532,Hybrid,Lead,500+,"PyTorch, Google Cloud, SQL, Machine Learning",2026-05-21,We are a technology company focused on data analytics and AI solutions.,1114439.5
339,Marketing Analyst,ProductCo,Hyderabad,610931,1359873,Hybrid,Mid,200-500,"SQL, PyTorch, Tableau, Excel, Visualization",2026-03-30,We are a technology company focused on data analytics and AI solutions.,985402.0
340,Senior Data Analyst,Tech Corp,Bangalore,597632,1192136,Hybrid,Mid,200-500,"AWS, SQL, JavaScript, Azure, R, Visualization",2026-05-06,We are a technology company focused on data analytics and AI solutions.,894884.0
341,Business Analyst,AI Solutions,Bangalore,636585,1189954,Onsite,Mid,50-200,"Machine Learning, JavaScript, Google Cloud, R, DAX",2026-05-31,We are a technology company focused on data analytics and AI solutions.,913269.5
342,Product Analyst,SmartAnalytics,Delhi,505735,838067,Remote,Entry,200-500,"Spark, DAX, Python, Hadoop, PyTorch",2026-05-09,We are a technology company focused on data analytics and AI solutions.,671901.0
343,Research Analyst,Tech Corp,Hyderabad,322431,818073,Remote,Mid,10-50,"Docker, SQL, Power BI",2026-05-23,We are a technology company focused on data analytics and AI solutions.,570252.0
344,Product Analyst,InfoTech,Hyderabad,623825,836035,Onsite,Mid,200-500,"TensorFlow, DAX, Power BI, Spark, Google Cloud, Docker",2026-06-02,We are a technology company focused on data analytics and AI solutions.,729930.0
345,Product Analyst,DataFlow,Bangalore,494555,1033782,Onsite,Entry,50-200,"Machine Learning, Kubernetes, Excel, Spark, SQL",2026-05-18,We are a technology company focused on data analytics and AI solutions.,764168.5
346,Product Analyst,CloudSystems,Bangalore,422720,1414661,Remote,Senior,50-200,"Tableau, Kubernetes, Google Cloud, Python",2026-04-30,We are a technology company focused on data analytics and AI solutions.,918690.5
347,Business Analyst,SmartAnalytics,Delhi,349153,1414805,Remote,Mid,200-500,"Google Cloud, Spark, R, DAX, Kubernetes",2026-05-25,We are a technology company focused on data analytics and AI solutions.,881979.0
348,Product Analyst,TechVision,Bangalore,568512,1526331,Remote,Senior,500+,"Spark, Tableau, PyTorch, DAX",2026-03-10,We are a technology company focused on data analytics and AI solutions.,1047421.5
349,Analytics Manager,ProductCo,Mumbai,720640,861929,Remote,Senior,10-50,"TensorFlow, Hadoop, Airflow, SQL, Azure",2026-04-22,We are a technology company focused on data analytics and AI solutions.,791284.5
350,Senior Data Analyst,InfoTech,Bangalore,674504,1557771,Hybrid,Entry,200-500,"Spark, Hadoop, Azure, Machine Learning, Excel, Airflow",2026-05-14,We are a technology company focused on data analytics and AI solutions.,1116137.5
351,Senior Data Analyst,InfoTech,Mumbai,476076,1685296,Onsite,Mid,50-200,"PyTorch, Machine Learning, Excel, Tableau",2026-05-20,We are a technology company focused on data analytics and AI solutions.,1080686.0
352,Data Scientist,Tech Corp,Pune,777085,1467689,Hybrid,Mid,50-200,"R, Python, AWS, TensorFlow, Google Cloud",2026-04-30,We are a technology company focused on data analytics and AI solutions.,1122387.0
353,Data Engineer,Analytics Pro,Bangalore,519724,1580965,Hybrid,Senior,10-50,"Python, Airflow, Hadoop, Machine Learning, JavaScript, Tableau",2026-03-11,We are a technology company focused on data analytics and AI solutions.,1050344.5
354,Data Analyst,Tech Corp,Delhi,674899,1087313,Hybrid,Entry,50-200,"R, PyTorch, Kubernetes, DAX",2026-03-11,We are a technology company focused on data analytics and AI solutions.,881106.0
355,Marketing Analyst,AI Solutions,Bangalore,356985,887468,Onsite,Mid,50-200,"PyTorch, TensorFlow, Kubernetes, Azure, Python, Spark",2026-03-11,We are a technology company focused on data analytics and AI solutions.,622226.5
356,Data Analyst,TechVision,Bangalore,612213,1883170,Hybrid,Mid,10-50,"Kubernetes, Google Cloud, TensorFlow, Power BI",2026-04-05,We are a technology company focused on data analytics and AI solutions.,1247691.5
357,Data Engineer,Finance Inc,Gurgaon,614470,991703,Onsite,Entry,50-200,"Airflow, R, Hadoop, JavaScript, Kubernetes, PyTorch",2026-04-21,We are a technology company focused on data analytics and AI solutions.,803086.5
358,Marketing Analyst,SmartAnalytics,Hyderabad,408737,1893609,Hybrid,Entry,500+,"Spark, Kubernetes, JavaScript, Tableau",2026-05-30,We are a technology company focused on data analytics and AI solutions.,1151173.0
359,Business Analyst,Tech Corp,Hyderabad,512133,1790669,Remote,Mid,10-50,"Power BI, Excel, Docker",2026-03-23,We are a technology company focused on data analytics and AI solutions.,1151401.0
360,ML Engineer,DataFlow,Delhi,454470,1922437,Hybrid,Senior,200-500,"Spark, Power BI, DAX, Kubernetes, Visualization, TensorFlow",2026-05-17,We are a technology company focused on data analytics and AI solutions.,1188453.5
361,Business Analyst,ResearchLab,Hyderabad,529465,1507650,Remote,Mid,50-200,"Kubernetes, PyTorch, DAX, AWS, JavaScript, Google Cloud",2026-05-14,We are a technology company focused on data analytics and AI solutions.,1018557.5
362,Data Analyst,ProductCo,Pune,350861,1093894,Hybrid,Mid,200-500,"Visualization, Airflow, JavaScript, Docker, Python",2026-03-24,We are a technology company focused on data analytics and AI solutions.,722377.5
363,Data Analyst,Digital Solutions,Bangalore,638041,1926798,Remote,Mid,50-200,"Google Cloud, Machine Learning, Python, DAX, Visualization, AWS",2026-03-22,We are a technology company focused on data analytics and AI solutions.,1282419.5
364,Marketing Analyst,Tech Corp,Chennai,512977,1436308,Remote,Senior,10-50,"R, Kubernetes, JavaScript, Python",2026-04-14,We are a technology company focused on data analytics and AI solutions.,974642.5
365,Marketing Analyst,DataFlow,Delhi,427118,1593153,Onsite,Entry,10-50,"Machine Learning, R, Hadoop, Visualization, DAX, SQL",2026-04-24,We are a technology company focused on data analytics and AI solutions.,1010135.5
366,Data Engineer,SmartAnalytics,Mumbai,630721,1344897,Remote,Senior,10-50,"Excel, PyTorch, Hadoop, Python, Spark, Visualization",2026-05-11,We are a technology company focused on data analytics and AI solutions.,987809.0
367,Product Analyst,DataFlow,Gurgaon,496713,904211,Onsite,Entry,10-50,"Docker, Hadoop, Power BI, Google Cloud, DAX, Kubernetes",2026-05-11,We are a technology company focused on data analytics and AI solutions.,700462.0
368,Business Analyst,ProductCo,Bangalore,309078,1287689,Remote,Mid,200-500,"DAX, Google Cloud, Tableau, SQL, PyTorch",2026-04-27,We are a technology company focused on data analytics and AI solutions.,798383.5
369,Marketing Analyst,Finance Inc,Gurgaon,718219,1723160,Hybrid,Entry,500+,"Visualization, JavaScript, AWS",2026-04-21,We are a technology company focused on data analytics and AI solutions.,1220689.5
370,BI Developer,DataFlow,Hyderabad,624912,1660952,Hybrid,Entry,200-500,"DAX, Docker, Hadoop",2026-04-08,We are a technology company focused on data analytics and AI solutions.,1142932.0
371,Data Engineer,ResearchLab,Bangalore,351047,1650741,Hybrid,Mid,200-500,"TensorFlow, Excel, SQL, Azure, Kubernetes, Docker",2026-04-06,We are a technology company focused on data analytics and AI solutions.,1000894.0
372,Analytics Manager,DataFlow,Bangalore,633770,1878560,Remote,Entry,10-50,"Hadoop, Tableau, R, Google Cloud",2026-05-01,We are a technology company focused on data analytics and AI solutions.,1256165.0
373,Data Analyst,DataFlow,Mumbai,619804,1854477,Remote,Senior,50-200,"Kubernetes, Google Cloud, Airflow, SQL, Tableau",2026-03-21,We are a technology company focused on data analytics and AI solutions.,1237140.5
374,Data Engineer,DataFlow,Hyderabad,535458,962624,Remote,Entry,50-200,"Excel, Python, Spark, R, Visualization, Azure",2026-03-14,We are a technology company focused on data analytics and AI solutions.,749041.0
375,Business Analyst,CloudSystems,Pune,743002,1493045,Remote,Mid,10-50,"Azure, Airflow, Kubernetes",2026-05-12,We are a technology company focused on data analytics and AI solutions.,1118023.5
376,Marketing Analyst,CloudSystems,Pune,695141,1791469,Hybrid,Mid,50-200,"SQL, DAX, Spark, Python, Kubernetes",2026-03-10,We are a technology company focused on data analytics and AI solutions.,1243305.0
377,Data Analyst,Finance Inc,Gurgaon,515048,945788,Onsite,Entry,50-200,"Kubernetes, TensorFlow, Machine Learning, Hadoop, Azure",2026-04-22,We are a technology company focused on data analytics and AI solutions.,730418.0
378,ML Engineer,Tech Corp,Hyderabad,536293,1438387,Onsite,Entry,50-200,"Power BI, Tableau, Machine Learning, Google Cloud",2026-03-14,We are a technology company focused on data analytics and AI solutions.,987340.0
379,Data Engineer,DataFlow,Mumbai,417832,1335426,Onsite,Mid,50-200,"Azure, Visualization, DAX, AWS, SQL, Power BI",2026-04-25,We are a technology company focused on data analytics and AI solutions.,876629.0
380,Research Analyst,DataFirst,Bangalore,692550,1490658,Onsite,Mid,200-500,"Excel, Docker, Machine Learning, Hadoop, SQL, Visualization",2026-04-18,We are a technology company focused on data analytics and AI solutions.,1091604.0
381,Data Analyst,TechVision,Bangalore,425150,1768616,Hybrid,Mid,200-500,"Spark, Google Cloud, R",2026-04-24,We are a technology company focused on data analytics and AI solutions.,1096883.0
382,Business Analyst,DataFirst,Bangalore,457087,823429,Remote,Mid,50-200,"JavaScript, Python, Hadoop, Airflow, Visualization",2026-04-18,We are a technology company focused on data analytics and AI solutions.,640258.0
383,Data Scientist,Tech Corp,Bangalore,333320,1572577,Onsite,Mid,500+,"SQL, R, DAX",2026-05-15,We are a technology company focused on data analytics and AI solutions.,952948.5
384,BI Developer,Finance Inc,Delhi,627025,1687700,Hybrid,Entry,500+,"JavaScript, AWS, TensorFlow",2026-03-19,We are a technology company focused on data analytics and AI solutions.,1157362.5
385,Data Analyst Junior,Analytics Pro,Mumbai,390827,1865923,Hybrid,Mid,50-200,"SQL, AWS, PyTorch, Machine Learning, Spark",2026-03-31,We are a technology company focused on data analytics and AI solutions.,1128375.0
386,Product Analyst,Analytics Pro,Bangalore,664359,1356110,Remote,Lead,50-200,"Python, Spark, Excel",2026-03-28,We are a technology company focused on data analytics and AI solutions.,1010234.5
387,Data Analyst Junior,StartupXYZ,Hyderabad,719505,1764163,Hybrid,Mid,50-200,"DAX, Airflow, TensorFlow",2026-05-11,We are a technology company focused on data analytics and AI solutions.,1241834.0
388,Business Analyst,DataFirst,Hyderabad,559931,1715387,Hybrid,Mid,500+,"SQL, Python, Azure, Google Cloud",2026-04-29,We are a technology company focused on data analytics and AI solutions.,1137659.0
389,Analytics Manager,Tech Corp,Hyderabad,696605,807967,Onsite,Mid,500+,"R, SQL, Docker",2026-04-20,We are a technology company focused on data analytics and AI solutions.,752286.0
390,Analytics Manager,Tech Corp,Gurgaon,718899,1025371,Hybrid,Senior,10-50,"Google Cloud, Spark, R, TensorFlow, Visualization, JavaScript",2026-06-02,We are a technology company focused on data analytics and AI solutions.,872135.0
391,Data Scientist,MegaCorp,Hyderabad,706845,1352467,Hybrid,Senior,50-200,"Power BI, Tableau, Docker, R, Hadoop, DAX",2026-05-07,We are a technology company focused on data analytics and AI solutions.,1029656.0
392,Product Analyst,AI Solutions,Hyderabad,623694,1051537,Onsite,Mid,50-200,"Machine Learning, Hadoop, R",2026-05-09,We are a technology company focused on data analytics and AI solutions.,837615.5
393,Research Analyst,Digital Solutions,Bangalore,324826,1641531,Remote,Lead,50-200,"AWS, Hadoop, Python, TensorFlow, PyTorch, DAX",2026-05-12,We are a technology company focused on data analytics and AI solutions.,983178.5
394,Data Scientist,SmartAnalytics,Pune,400734,1664645,Hybrid,Entry,10-50,"Machine Learning, DAX, Tableau, Google Cloud, AWS",2026-03-17,We are a technology company focused on data analytics and AI solutions.,1032689.5
395,Senior Data Analyst,MegaCorp,Gurgaon,457702,1735772,Remote,Entry,500+,"Azure, Hadoop, PyTorch",2026-04-29,We are a technology company focused on data analytics and AI solutions.,1096737.0
396,Data Analyst Junior,ResearchLab,Pune,529834,1271082,Onsite,Senior,200-500,"JavaScript, Airflow, Machine Learning",2026-05-29,We are a technology company focused on data analytics and AI solutions.,900458.0
397,Data Scientist,CloudSystems,Delhi,477235,860545,Onsite,Senior,200-500,"TensorFlow, Spark, Hadoop",2026-04-30,We are a technology company focused on data analytics and AI solutions.,668890.0
398,Data Analyst Junior,CloudSystems,Mumbai,398511,1023894,Remote,Entry,500+,"Machine Learning, TensorFlow, Tableau",2026-04-27,We are a technology company focused on data analytics and AI solutions.,711202.5
399,Data Analyst,AI Solutions,Hyderabad,759651,1527506,Onsite,Entry,200-500,"Power BI, Azure, JavaScript, Python",2026-04-30,We are a technology company focused on data analytics and AI solutions.,1143578.5
400,Analytics Manager,ProductCo,Gurgaon,573797,1789470,Remote,Entry,50-200,"Kubernetes, TensorFlow, Google Cloud, PyTorch, JavaScript, Docker",2026-03-22,We are a technology company focused on data analytics and AI solutions.,1181633.5
401,Data Analyst,ProductCo,Delhi,459033,1050497,Onsite,Entry,200-500,"Azure, SQL, Visualization, Spark, Power BI",2026-04-12,We are a technology company focused on data analytics and AI solutions.,754765.0
402,BI Developer,Finance Inc,Mumbai,381941,1773181,Onsite,Senior,10-50,"Google Cloud, Python, Machine Learning",2026-04-27,We are a technology company focused on data analytics and AI solutions.,1077561.0
403,Senior Data Analyst,InfoTech,Delhi,505209,1819658,Onsite,Mid,200-500,"DAX, Visualization, AWS",2026-04-06,We are a technology company focused on data analytics and AI solutions.,1162433.5
404,Product Analyst,AI Solutions,Delhi,595806,1501692,Remote,Mid,10-50,"Spark, Hadoop, Azure, Excel, AWS, Google Cloud",2026-04-22,We are a technology company focused on data analytics and AI solutions.,1048749.0
405,Research Analyst,Digital Solutions,Mumbai,398818,1706295,Onsite,Mid,200-500,"Spark, Visualization, Google Cloud, JavaScript",2026-05-31,We are a technology company focused on data analytics and AI solutions.,1052556.5
406,Data Analyst Junior,Tech Corp,Kolkata,749662,1493206,Onsite,Entry,10-50,"Excel, Hadoop, Spark",2026-05-30,We are a technology company focused on data analytics and AI solutions.,1121434.0
407,Research Analyst,ProductCo,Chennai,452360,1893512,Remote,Entry,10-50,"TensorFlow, Airflow, Docker",2026-03-28,We are a technology company focused on data analytics and AI solutions.,1172936.0
408,Data Analyst Junior,Digital Solutions,Mumbai,553627,1485154,Onsite,Mid,10-50,"R, SQL, Airflow, Python, Spark, Power BI",2026-04-20,We are a technology company focused on data analytics and AI solutions.,1019390.5
409,Business Analyst,DataFlow,Delhi,395081,1025469,Remote,Lead,10-50,"Excel, Power BI, Airflow, PyTorch, Machine Learning",2026-03-16,We are a technology company focused on data analytics and AI solutions.,710275.0
410,Data Scientist,DataFirst,Hyderabad,336877,1876717,Onsite,Senior,200-500,"Google Cloud, Azure, Tableau, Excel, Hadoop, Airflow",2026-05-10,We are a technology company focused on data analytics and AI solutions.,1106797.0
411,BI Developer,DataFirst,Mumbai,673706,937478,Remote,Entry,200-500,"Excel, Python, Tableau, Hadoop, R, Azure",2026-03-18,We are a technology company focused on data analytics and AI solutions.,805592.0
412,Analytics Manager,InfoTech,Hyderabad,708529,1945935,Onsite,Senior,50-200,"Hadoop, Power BI, PyTorch",2026-05-24,We are a technology company focused on data analytics and AI solutions.,1327232.0
413,Marketing Analyst,TechVision,Mumbai,511957,1709711,Hybrid,Senior,10-50,"Docker, Tableau, Spark, Excel, Visualization",2026-05-06,We are a technology company focused on data analytics and AI solutions.,1110834.0
414,Data Analyst Junior,Tech Corp,Kolkata,372715,1421827,Remote,Senior,10-50,"Spark, Excel, Google Cloud, Kubernetes",2026-05-01,We are a technology company focused on data analytics and AI solutions.,897271.0
415,Research Analyst,SmartAnalytics,Mumbai,441398,1293158,Remote,Mid,10-50,"Power BI, SQL, Airflow",2026-03-10,We are a technology company focused on data analytics and AI solutions.,867278.0
416,BI Developer,SmartAnalytics,Bangalore,410091,823312,Remote,Mid,10-50,"Hadoop, Docker, JavaScript",2026-05-21,We are a technology company focused on data analytics and AI solutions.,616701.5
417,ML Engineer,ResearchLab,Bangalore,432632,1760612,Hybrid,Mid,500+,"Docker, Machine Learning, Google Cloud, SQL, Visualization",2026-05-11,We are a technology company focused on data analytics and AI solutions.,1096622.0
418,ML Engineer,SmartAnalytics,Hyderabad,641292,1227387,Remote,Entry,10-50,"DAX, Visualization, Excel, Azure, PyTorch",2026-04-06,We are a technology company focused on data analytics and AI solutions.,934339.5
419,Data Analyst,DataFlow,Delhi,383186,1234995,Hybrid,Entry,50-200,"Tableau, Airflow, SQL",2026-04-26,We are a technology company focused on data analytics and AI solutions.,809090.5
420,Analytics Manager,DataFlow,Hyderabad,719961,1598843,Remote,Entry,10-50,"PyTorch, AWS, Docker",2026-05-09,We are a technology company focused on data analytics and AI solutions.,1159402.0
421,Marketing Analyst,DataFirst,Hyderabad,462962,1643441,Remote,Mid,10-50,"Airflow, Kubernetes, Power BI, TensorFlow, DAX, Visualization",2026-04-22,We are a technology company focused on data analytics and AI solutions.,1053201.5
422,Business Analyst,AI Solutions,Bangalore,451094,1235684,Onsite,Senior,50-200,"Spark, R, DAX, Hadoop, Power BI, JavaScript",2026-04-29,We are a technology company focused on data analytics and AI solutions.,843389.0
423,Research Analyst,InfoTech,Pune,685773,857022,Remote,Mid,200-500,"Azure, Docker, DAX, Spark",2026-04-26,We are a technology company focused on data analytics and AI solutions.,771397.5
424,Marketing Analyst,Finance Inc,Delhi,745795,1133373,Onsite,Entry,10-50,"TensorFlow, Docker, Airflow",2026-04-04,We are a technology company focused on data analytics and AI solutions.,939584.0
425,Data Scientist,ResearchLab,Hyderabad,370316,1947647,Onsite,Lead,10-50,"JavaScript, Hadoop, Google Cloud, AWS",2026-05-19,We are a technology company focused on data analytics and AI solutions.,1158981.5
426,Data Scientist,ProductCo,Bangalore,777063,1797858,Hybrid,Senior,50-200,"Visualization, Docker, Azure",2026-04-06,We are a technology company focused on data analytics and AI solutions.,1287460.5
427,Research Analyst,Digital Solutions,Mumbai,328380,1158918,Hybrid,Senior,10-50,"R, Hadoop, SQL, Excel, Docker",2026-05-29,We are a technology company focused on data analytics and AI solutions.,743649.0
428,Product Analyst,AI Solutions,Mumbai,410198,1289626,Onsite,Lead,10-50,"DAX, TensorFlow, Machine Learning, Power BI",2026-04-09,We are a technology company focused on data analytics and AI solutions.,849912.0
429,Business Analyst,ProductCo,Mumbai,564500,1088859,Remote,Mid,500+,"Spark, Docker, Machine Learning",2026-05-27,We are a technology company focused on data analytics and AI solutions.,826679.5
430,BI Developer,AI Solutions,Bangalore,370326,1614037,Remote,Lead,200-500,"Power BI, Kubernetes, TensorFlow",2026-05-08,We are a technology company focused on data analytics and AI solutions.,992181.5
431,Data Analyst Junior,AI Solutions,Mumbai,654591,1355462,Remote,Entry,50-200,"Power BI, R, Airflow",2026-03-25,We are a technology company focused on data analytics and AI solutions.,1005026.5
432,Product Analyst,AI Solutions,Bangalore,414994,1727460,Onsite,Mid,50-200,"Airflow, SQL, PyTorch, DAX, TensorFlow",2026-05-08,We are a technology company focused on data analytics and AI solutions.,1071227.0
433,Data Analyst Junior,DataFirst,Chennai,520971,1924949,Remote,Entry,50-200,"Google Cloud, R, Visualization",2026-03-07,We are a technology company focused on data analytics and AI solutions.,1222960.0
434,Data Analyst Junior,SmartAnalytics,Mumbai,582193,993718,Hybrid,Entry,50-200,"TensorFlow, Visualization, DAX, Kubernetes",2026-04-19,We are a technology company focused on data analytics and AI solutions.,787955.5
435,Product Analyst,InfoTech,Bangalore,768933,1394305,Onsite,Entry,200-500,"Python, Kubernetes, Tableau, SQL, PyTorch, TensorFlow",2026-04-24,We are a technology company focused on data analytics and AI solutions.,1081619.0
436,Data Analyst,Finance Inc,Bangalore,667505,863037,Onsite,Mid,200-500,"Azure, TensorFlow, PyTorch, Power BI",2026-03-17,We are a technology company focused on data analytics and AI solutions.,765271.0
437,ML Engineer,SmartAnalytics,Mumbai,578226,1330836,Hybrid,Senior,10-50,"SQL, Tableau, Docker, Visualization, Airflow",2026-05-10,We are a technology company focused on data analytics and AI solutions.,954531.0
438,Data Analyst Junior,AI Solutions,Pune,562805,1441269,Remote,Mid,50-200,"Excel, Visualization, SQL, Machine Learning, JavaScript, Google Cloud",2026-03-10,We are a technology company focused on data analytics and AI solutions.,1002037.0
439,Product Analyst,StartupXYZ,Mumbai,468484,1004366,Onsite,Entry,50-200,"Excel, TensorFlow, Google Cloud, Python, Hadoop, Machine Learning",2026-05-17,We are a technology company focused on data analytics and AI solutions.,736425.0
440,Product Analyst,TechVision,Mumbai,565064,1302420,Hybrid,Senior,500+,"Spark, Google Cloud, Kubernetes, TensorFlow, SQL",2026-05-23,We are a technology company focused on data analytics and AI solutions.,933742.0
441,Senior Data Analyst,ProductCo,Delhi,784410,954249,Remote,Mid,200-500,"Kubernetes, SQL, JavaScript, Spark, R",2026-03-09,We are a technology company focused on data analytics and AI solutions.,869329.5
442,Marketing Analyst,Tech Corp,Mumbai,545378,1838199,Remote,Mid,50-200,"Power BI, Azure, AWS, Hadoop",2026-04-14,We are a technology company focused on data analytics and AI solutions.,1191788.5
443,Data Engineer,MegaCorp,Bangalore,753531,1460902,Onsite,Mid,10-50,"Airflow, JavaScript, Python",2026-04-26,We are a technology company focused on data analytics and AI solutions.,1107216.5
444,Data Analyst,SmartAnalytics,Chennai,641705,1909004,Hybrid,Entry,200-500,"Docker, Machine Learning, Spark",2026-03-07,We are a technology company focused on data analytics and AI solutions.,1275354.5
445,Analytics Manager,Digital Solutions,Bangalore,571090,1340340,Onsite,Mid,10-50,"Python, Visualization, AWS, Excel, Google Cloud",2026-05-25,We are a technology company focused on data analytics and AI solutions.,955715.0
446,Data Engineer,DataFirst,Bangalore,525314,1949265,Onsite,Senior,50-200,"Machine Learning, Kubernetes, PyTorch, SQL, Tableau",2026-03-22,We are a technology company focused on data analytics and AI solutions.,1237289.5
447,Marketing Analyst,ResearchLab,Kolkata,738716,1502436,Hybrid,Entry,10-50,"Airflow, JavaScript, Hadoop",2026-03-19,We are a technology company focused on data analytics and AI solutions.,1120576.0
448,Marketing Analyst,CloudSystems,Hyderabad,535612,1246636,Hybrid,Mid,200-500,"AWS, Power BI, Python, Visualization",2026-04-11,We are a technology company focused on data analytics and AI solutions.,891124.0
449,Marketing Analyst,Finance Inc,Hyderabad,578453,1456031,Hybrid,Senior,10-50,"JavaScript, Spark, Docker, Excel",2026-05-06,We are a technology company focused on data analytics and AI solutions.,1017242.0
450,Data Engineer,Tech Corp,Bangalore,355230,1062307,Remote,Senior,50-200,"DAX, Docker, Python, Hadoop, Excel",2026-04-24,We are a technology company focused on data analytics and AI solutions.,708768.5
451,Research Analyst,DataFlow,Gurgaon,673966,1771248,Hybrid,Entry,500+,"SQL, Kubernetes, AWS, TensorFlow",2026-05-26,We are a technology company focused on data analytics and AI solutions.,1222607.0
452,ML Engineer,Analytics Pro,Hyderabad,791872,1263547,Onsite,Entry,10-50,"Hadoop, Power BI, Azure",2026-04-02,We are a technology company focused on data analytics and AI solutions.,1027709.5
453,Product Analyst,StartupXYZ,Hyderabad,723243,1203850,Hybrid,Entry,50-200,"Kubernetes, Spark, SQL, Hadoop, Visualization",2026-03-19,We are a technology company focused on data analytics and AI solutions.,963546.5
454,ML Engineer,CloudSystems,Hyderabad,765757,1984446,Onsite,Mid,50-200,"Docker, Excel, AWS, Azure, Python",2026-04-28,We are a technology company focused on data analytics and AI solutions.,1375101.5
455,Business Analyst,MegaCorp,Hyderabad,674484,1310259,Hybrid,Mid,10-50,"Visualization, Airflow, PyTorch, AWS, JavaScript",2026-05-21,We are a technology company focused on data analytics and AI solutions.,992371.5
456,Research Analyst,Tech Corp,Hyderabad,359321,1859325,Hybrid,Entry,200-500,"Power BI, Excel, Airflow, AWS",2026-03-23,We are a technology company focused on data analytics and AI solutions.,1109323.0
457,Analytics Manager,CloudSystems,Bangalore,432028,1428419,Hybrid,Lead,10-50,"Tableau, Hadoop, Spark, Machine Learning, SQL",2026-03-24,We are a technology company focused on data analytics and AI solutions.,930223.5
458,ML Engineer,Tech Corp,Mumbai,531447,1025019,Hybrid,Mid,50-200,"Spark, TensorFlow, Visualization, AWS, Hadoop",2026-04-26,We are a technology company focused on data analytics and AI solutions.,778233.0
459,Data Scientist,Digital Solutions,Bangalore,636275,1397218,Onsite,Entry,50-200,"Airflow, AWS, Machine Learning, TensorFlow",2026-04-25,We are a technology company focused on data analytics and AI solutions.,1016746.5
460,Marketing Analyst,StartupXYZ,Bangalore,741124,1617052,Remote,Mid,200-500,"Power BI, AWS, Hadoop, TensorFlow",2026-04-11,We are a technology company focused on data analytics and AI solutions.,1179088.0
461,Data Analyst Junior,MegaCorp,Hyderabad,771555,1519401,Hybrid,Mid,200-500,"Kubernetes, Spark, R, Visualization",2026-06-01,We are a technology company focused on data analytics and AI solutions.,1145478.0
462,Business Analyst,DataFlow,Bangalore,588107,1901928,Remote,Entry,50-200,"Airflow, Hadoop, Machine Learning, JavaScript, R",2026-04-10,We are a technology company focused on data analytics and AI solutions.,1245017.5
463,Data Analyst,AI Solutions,Mumbai,401757,1224127,Hybrid,Entry,10-50,"Python, Power BI, Visualization",2026-05-02,We are a technology company focused on data analytics and AI solutions.,812942.0
464,Analytics Manager,ProductCo,Delhi,732659,803191,Hybrid,Senior,200-500,"Python, DAX, R, Hadoop",2026-03-25,We are a technology company focused on data analytics and AI solutions.,767925.0
465,Business Analyst,DataFlow,Hyderabad,661403,1428864,Hybrid,Mid,50-200,"Kubernetes, AWS, Power BI, DAX",2026-05-16,We are a technology company focused on data analytics and AI solutions.,1045133.5
466,Marketing Analyst,AI Solutions,Bangalore,601207,1242939,Onsite,Mid,200-500,"Power BI, AWS, Machine Learning",2026-05-01,We are a technology company focused on data analytics and AI solutions.,922073.0
467,Data Analyst Junior,Analytics Pro,Bangalore,676369,1852207,Hybrid,Mid,200-500,"Hadoop, Power BI, SQL, PyTorch, TensorFlow",2026-03-18,We are a technology company focused on data analytics and AI solutions.,1264288.0
468,Research Analyst,DataFirst,Pune,678544,1985820,Onsite,Entry,200-500,"Tableau, Spark, Excel",2026-04-15,We are a technology company focused on data analytics and AI solutions.,1332182.0
469,Data Analyst Junior,InfoTech,Delhi,642962,1104224,Hybrid,Entry,50-200,"DAX, JavaScript, Machine Learning, AWS",2026-04-18,We are a technology company focused on data analytics and AI solutions.,873593.0
470,Data Engineer,InfoTech,Mumbai,566847,1020169,Hybrid,Mid,50-200,"Docker, Excel, AWS",2026-04-19,We are a technology company focused on data analytics and AI solutions.,793508.0
471,Data Analyst Junior,InfoTech,Bangalore,496200,1414641,Remote,Entry,200-500,"Docker, Google Cloud, Python, Azure",2026-04-09,We are a technology company focused on data analytics and AI solutions.,955420.5
472,Data Engineer,Finance Inc,Chennai,372099,1352959,Remote,Entry,50-200,"Docker, DAX, AWS, Azure",2026-04-08,We are a technology company focused on data analytics and AI solutions.,862529.0
473,Research Analyst,SmartAnalytics,Hyderabad,719065,1021972,Hybrid,Senior,10-50,"Python, Spark, Docker, PyTorch",2026-03-13,We are a technology company focused on data analytics and AI solutions.,870518.5
474,BI Developer,TechVision,Hyderabad,462932,1548321,Hybrid,Lead,500+,"Machine Learning, JavaScript, PyTorch, Excel",2026-04-14,We are a technology company focused on data analytics and AI solutions.,1005626.5
475,Marketing Analyst,ResearchLab,Bangalore,331585,1308679,Remote,Senior,500+,"Docker, Visualization, R, Kubernetes, Power BI",2026-04-11,We are a technology company focused on data analytics and AI solutions.,820132.0
476,Data Engineer,ResearchLab,Hyderabad,715231,1221818,Remote,Senior,50-200,"Excel, Docker, Google Cloud",2026-03-15,We are a technology company focused on data analytics and AI solutions.,968524.5
477,Data Analyst,SmartAnalytics,Gurgaon,770755,1504590,Remote,Entry,10-50,"Visualization, TensorFlow, Docker, Azure",2026-05-07,We are a technology company focused on data analytics and AI solutions.,1137672.5
478,Data Analyst Junior,InfoTech,Pune,343585,1791120,Onsite,Lead,50-200,"Docker, Machine Learning, Kubernetes, Excel, Python",2026-05-16,We are a technology company focused on data analytics and AI solutions.,1067352.5
479,Data Analyst Junior,ProductCo,Bangalore,589102,1855675,Remote,Entry,200-500,"R, Machine Learning, Tableau, TensorFlow",2026-05-08,We are a technology company focused on data analytics and AI solutions.,1222388.5
480,Data Analyst,MegaCorp,Mumbai,588161,1380780,Hybrid,Lead,500+,"SQL, R, Hadoop, DAX",2026-04-17,We are a technology company focused on data analytics and AI solutions.,984470.5
481,Data Scientist,StartupXYZ,Kolkata,769923,1945298,Remote,Lead,10-50,"Spark, Excel, Power BI, Python, Google Cloud, Kubernetes",2026-05-16,We are a technology company focused on data analytics and AI solutions.,1357610.5
482,Product Analyst,MegaCorp,Chennai,686821,1765188,Hybrid,Senior,10-50,"Kubernetes, R, Google Cloud, Power BI, Spark, DAX",2026-04-14,We are a technology company focused on data analytics and AI solutions.,1226004.5
483,BI Developer,StartupXYZ,Mumbai,738566,1354399,Remote,Lead,500+,"Azure, DAX, JavaScript",2026-05-28,We are a technology company focused on data analytics and AI solutions.,1046482.5
484,Analytics Manager,MegaCorp,Chennai,705417,863936,Remote,Mid,50-200,"PyTorch, Tableau, SQL, Python, Kubernetes, Excel",2026-05-06,We are a technology company focused on data analytics and AI solutions.,784676.5
485,Data Engineer,TechVision,Kolkata,591570,1023332,Hybrid,Entry,50-200,"TensorFlow, R, Google Cloud, Tableau, JavaScript, Docker",2026-04-22,We are a technology company focused on data analytics and AI solutions.,807451.0
486,Data Analyst,Finance Inc,Delhi,579922,1525836,Remote,Mid,500+,"Airflow, R, Tableau, Docker, Machine Learning, Power BI",2026-03-27,We are a technology company focused on data analytics and AI solutions.,1052879.0
487,Research Analyst,Finance Inc,Hyderabad,476313,1287510,Remote,Mid,10-50,"DAX, Excel, Machine Learning, SQL, Spark, Azure",2026-04-07,We are a technology company focused on data analytics and AI solutions.,881911.5
488,Data Engineer,InfoTech,Bangalore,342229,863530,Remote,Entry,200-500,"JavaScript, Machine Learning, Hadoop, Visualization",2026-05-27,We are a technology company focused on data analytics and AI solutions.,602879.5
489,Product Analyst,Analytics Pro,Pune,386652,1996179,Remote,Mid,10-50,"Power BI, Hadoop, AWS, Excel",2026-04-23,We are a technology company focused on data analytics and AI solutions.,1191415.5
490,Research Analyst,AI Solutions,Bangalore,690411,1674772,Remote,Lead,50-200,"Azure, PyTorch, Docker, Google Cloud",2026-03-20,We are a technology company focused on data analytics and AI solutions.,1182591.5
491,Business Analyst,Analytics Pro,Pune,549474,1762361,Remote,Entry,200-500,"Docker, Visualization, Airflow, JavaScript, Kubernetes, Azure",2026-04-23,We are a technology company focused on data analytics and AI solutions.,1155917.5
492,Marketing Analyst,CloudSystems,Hyderabad,479436,941214,Onsite,Senior,50-200,"Python, Visualization, Excel, TensorFlow",2026-05-22,We are a technology company focused on data analytics and AI solutions.,710325.0
493,Data Analyst Junior,Finance Inc,Hyderabad,792049,1439341,Hybrid,Senior,500+,"Power BI, Kubernetes, DAX, Docker, Azure",2026-05-09,We are a technology company focused on data analytics and AI solutions.,1115695.0
494,Business Analyst,Finance Inc,Bangalore,688647,1203082,Hybrid,Senior,50-200,"AWS, SQL, Airflow",2026-05-17,We are a technology company focused on data analytics and AI solutions.,945864.5
495,Data Engineer,DataFlow,Hyderabad,560116,1001139,Remote,Lead,50-200,"TensorFlow, Google Cloud, AWS",2026-04-23,We are a technology company focused on data analytics and AI solutions.,780627.5
496,Product Analyst,DataFlow,Gurgaon,647022,1828494,Onsite,Mid,10-50,"Python, Visualization, R, DAX",2026-04-14,We are a technology company focused on data analytics and AI solutions.,1237758.0
497,BI Developer,AI Solutions,Pune,619200,1821318,Hybrid,Lead,50-200,"Tableau, Hadoop, Docker, R, JavaScript, Machine Learning",2026-03-12,We are a technology company focused on data analytics and AI solutions.,1220259.0
498,Marketing Analyst,Digital Solutions,Pune,720706,1449714,Remote,Senior,50-200,"Machine Learning, Tableau, Excel",2026-05-19,We are a technology company focused on data analytics and AI solutions.,1085210.0
499,Data Engineer,CloudSystems,Mumbai,319975,1388315,Hybrid,Entry,10-50,"Tableau, Machine Learning, PyTorch, Power BI, R, Azure",2026-06-01,We are a technology company focused on data analytics and AI solutions.,854145.0
500,Data Analyst,Analytics Pro,Hyderabad,457795,892601,Remote,Mid,50-200,"Spark, AWS, Tableau, Excel, Azure, Docker",2026-03-17,We are a technology company focused on data analytics and AI solutions.,675198.0
